date,dish,sold
2013-10-04,CALAMARI,6
2013-10-04,FISCH,6
2013-10-04,GARNELEN,12
2013-10-04,HAEHNCHEN,40
2013-10-04,KOEFTE,23
2013-10-04,LAMM,50
2013-10-04,STEAK,36
2013-10-05,CALAMARI,8
2013-10-05,FISCH,8
2013-10-05,GARNELEN,5
2013-10-05,HAEHNCHEN,44
2013-10-05,KOEFTE,36
2013-10-05,LAMM,37
2013-10-05,STEAK,30
2013-10-06,CALAMARI,6
2013-10-06,FISCH,5
2013-10-06,GARNELEN,11
2013-10-06,HAEHNCHEN,19
2013-10-06,KOEFTE,12
2013-10-06,LAMM,22
2013-10-06,STEAK,16
2013-10-07,CALAMARI,4
2013-10-07,FISCH,4
2013-10-07,GARNELEN,2
2013-10-07,HAEHNCHEN,28
2013-10-07,KOEFTE,13
2013-10-07,LAMM,28
2013-10-07,STEAK,22
2013-10-08,CALAMARI,7
2013-10-08,FISCH,4
2013-10-08,GARNELEN,9
2013-10-08,HAEHNCHEN,22
2013-10-08,KOEFTE,18
2013-10-08,LAMM,29
2013-10-08,STEAK,29
2013-10-09,CALAMARI,7
2013-10-09,FISCH,4
2013-10-09,GARNELEN,11
2013-10-09,HAEHNCHEN,33
2013-10-09,KOEFTE,23
2013-10-09,LAMM,23
2013-10-09,STEAK,37
2013-10-10,CALAMARI,3
2013-10-10,FISCH,7
2013-10-10,GARNELEN,3
2013-10-10,HAEHNCHEN,39
2013-10-10,KOEFTE,27
2013-10-10,LAMM,31
2013-10-10,STEAK,22
2013-10-11,CALAMARI,5
2013-10-11,FISCH,3
2013-10-11,GARNELEN,10
2013-10-11,HAEHNCHEN,35
2013-10-11,KOEFTE,18
2013-10-11,LAMM,38
2013-10-11,STEAK,37
2013-10-12,CALAMARI,5
2013-10-12,FISCH,13
2013-10-12,GARNELEN,10
2013-10-12,HAEHNCHEN,71
2013-10-12,KOEFTE,46
2013-10-12,LAMM,45
2013-10-12,STEAK,35
2013-10-13,CALAMARI,1
2013-10-13,FISCH,0
2013-10-13,GARNELEN,7
2013-10-13,HAEHNCHEN,32
2013-10-13,KOEFTE,12
2013-10-13,LAMM,29
2013-10-13,STEAK,18
2013-10-14,CALAMARI,2
2013-10-14,FISCH,3
2013-10-14,GARNELEN,5
2013-10-14,HAEHNCHEN,20
2013-10-14,KOEFTE,18
2013-10-14,LAMM,26
2013-10-14,STEAK,19
2013-10-15,CALAMARI,2
2013-10-15,FISCH,4
2013-10-15,GARNELEN,8
2013-10-15,HAEHNCHEN,17
2013-10-15,KOEFTE,13
2013-10-15,LAMM,17
2013-10-15,STEAK,17
2013-10-16,CALAMARI,8
2013-10-16,FISCH,2
2013-10-16,GARNELEN,7
2013-10-16,HAEHNCHEN,37
2013-10-16,KOEFTE,21
2013-10-16,LAMM,31
2013-10-16,STEAK,30
2013-10-17,CALAMARI,6
2013-10-17,FISCH,5
2013-10-17,GARNELEN,9
2013-10-17,HAEHNCHEN,45
2013-10-17,KOEFTE,31
2013-10-17,LAMM,44
2013-10-17,STEAK,27
2013-10-18,CALAMARI,7
2013-10-18,FISCH,12
2013-10-18,GARNELEN,12
2013-10-18,HAEHNCHEN,47
2013-10-18,KOEFTE,32
2013-10-18,LAMM,52
2013-10-18,STEAK,40
2013-10-19,CALAMARI,10
2013-10-19,FISCH,5
2013-10-19,GARNELEN,11
2013-10-19,HAEHNCHEN,49
2013-10-19,KOEFTE,32
2013-10-19,LAMM,45
2013-10-19,STEAK,54
2013-10-20,CALAMARI,6
2013-10-20,FISCH,2
2013-10-20,GARNELEN,5
2013-10-20,HAEHNCHEN,24
2013-10-20,KOEFTE,9
2013-10-20,LAMM,22
2013-10-20,STEAK,18
2013-10-21,CALAMARI,5
2013-10-21,FISCH,4
2013-10-21,GARNELEN,6
2013-10-21,HAEHNCHEN,31
2013-10-21,KOEFTE,18
2013-10-21,LAMM,28
2013-10-21,STEAK,22
2013-10-22,CALAMARI,3
2013-10-22,FISCH,11
2013-10-22,GARNELEN,14
2013-10-22,HAEHNCHEN,40
2013-10-22,KOEFTE,15
2013-10-22,LAMM,57
2013-10-22,STEAK,39
2013-10-23,CALAMARI,5
2013-10-23,FISCH,9
2013-10-23,GARNELEN,14
2013-10-23,HAEHNCHEN,40
2013-10-23,KOEFTE,24
2013-10-23,LAMM,25
2013-10-23,STEAK,28
2013-10-24,CALAMARI,6
2013-10-24,FISCH,6
2013-10-24,GARNELEN,11
2013-10-24,HAEHNCHEN,35
2013-10-24,KOEFTE,23
2013-10-24,LAMM,41
2013-10-24,STEAK,41
2013-10-25,CALAMARI,5
2013-10-25,FISCH,5
2013-10-25,GARNELEN,15
2013-10-25,HAEHNCHEN,44
2013-10-25,KOEFTE,22
2013-10-25,LAMM,44
2013-10-25,STEAK,50
2013-10-26,CALAMARI,4
2013-10-26,FISCH,8
2013-10-26,GARNELEN,16
2013-10-26,HAEHNCHEN,38
2013-10-26,KOEFTE,26
2013-10-26,LAMM,39
2013-10-26,STEAK,50
2013-10-27,CALAMARI,8
2013-10-27,FISCH,5
2013-10-27,GARNELEN,10
2013-10-27,HAEHNCHEN,30
2013-10-27,KOEFTE,17
2013-10-27,LAMM,28
2013-10-27,STEAK,31
2013-10-28,CALAMARI,5
2013-10-28,FISCH,7
2013-10-28,GARNELEN,2
2013-10-28,HAEHNCHEN,25
2013-10-28,KOEFTE,19
2013-10-28,LAMM,29
2013-10-28,STEAK,28
2013-10-29,CALAMARI,5
2013-10-29,FISCH,6
2013-10-29,GARNELEN,15
2013-10-29,HAEHNCHEN,31
2013-10-29,KOEFTE,25
2013-10-29,LAMM,23
2013-10-29,STEAK,28
2013-10-30,CALAMARI,4
2013-10-30,FISCH,10
2013-10-30,GARNELEN,9
2013-10-30,HAEHNCHEN,33
2013-10-30,KOEFTE,21
2013-10-30,LAMM,34
2013-10-30,STEAK,50
2013-10-31,CALAMARI,4
2013-10-31,FISCH,7
2013-10-31,GARNELEN,16
2013-10-31,HAEHNCHEN,44
2013-10-31,KOEFTE,18
2013-10-31,LAMM,50
2013-10-31,STEAK,40
2013-11-01,CALAMARI,0
2013-11-01,FISCH,3
2013-11-01,GARNELEN,2
2013-11-01,HAEHNCHEN,1
2013-11-01,KOEFTE,2
2013-11-01,LAMM,0
2013-11-01,STEAK,4
2013-11-02,CALAMARI,25
2013-11-02,FISCH,14
2013-11-02,GARNELEN,23
2013-11-02,HAEHNCHEN,78
2013-11-02,KOEFTE,71
2013-11-02,LAMM,63
2013-11-02,STEAK,59
2013-11-03,CALAMARI,3
2013-11-03,FISCH,4
2013-11-03,GARNELEN,6
2013-11-03,HAEHNCHEN,32
2013-11-03,KOEFTE,19
2013-11-03,LAMM,40
2013-11-03,STEAK,26
2013-11-04,CALAMARI,0
2013-11-04,FISCH,3
2013-11-04,GARNELEN,7
2013-11-04,HAEHNCHEN,24
2013-11-04,KOEFTE,21
2013-11-04,LAMM,22
2013-11-04,STEAK,24
2013-11-05,CALAMARI,2
2013-11-05,FISCH,7
2013-11-05,GARNELEN,8
2013-11-05,HAEHNCHEN,39
2013-11-05,KOEFTE,21
2013-11-05,LAMM,31
2013-11-05,STEAK,17
2013-11-06,CALAMARI,7
2013-11-06,FISCH,7
2013-11-06,GARNELEN,12
2013-11-06,HAEHNCHEN,38
2013-11-06,KOEFTE,21
2013-11-06,LAMM,27
2013-11-06,STEAK,24
2013-11-07,CALAMARI,5
2013-11-07,FISCH,5
2013-11-07,GARNELEN,8
2013-11-07,HAEHNCHEN,38
2013-11-07,KOEFTE,24
2013-11-07,LAMM,36
2013-11-07,STEAK,43
2013-11-08,CALAMARI,7
2013-11-08,FISCH,3
2013-11-08,GARNELEN,16
2013-11-08,HAEHNCHEN,43
2013-11-08,KOEFTE,21
2013-11-08,LAMM,37
2013-11-08,STEAK,23
2013-11-09,CALAMARI,8
2013-11-09,FISCH,12
2013-11-09,GARNELEN,27
2013-11-09,HAEHNCHEN,67
2013-11-09,KOEFTE,35
2013-11-09,LAMM,70
2013-11-09,STEAK,59
2013-11-10,CALAMARI,6
2013-11-10,FISCH,4
2013-11-10,GARNELEN,13
2013-11-10,HAEHNCHEN,22
2013-11-10,KOEFTE,13
2013-11-10,LAMM,13
2013-11-10,STEAK,24
2013-11-11,CALAMARI,3
2013-11-11,FISCH,10
2013-11-11,GARNELEN,4
2013-11-11,HAEHNCHEN,22
2013-11-11,KOEFTE,15
2013-11-11,LAMM,30
2013-11-11,STEAK,19
2013-11-12,CALAMARI,2
2013-11-12,FISCH,5
2013-11-12,GARNELEN,10
2013-11-12,HAEHNCHEN,29
2013-11-12,KOEFTE,18
2013-11-12,LAMM,29
2013-11-12,STEAK,30
2013-11-13,CALAMARI,4
2013-11-13,FISCH,7
2013-11-13,GARNELEN,10
2013-11-13,HAEHNCHEN,36
2013-11-13,KOEFTE,22
2013-11-13,LAMM,20
2013-11-13,STEAK,27
2013-11-14,CALAMARI,3
2013-11-14,FISCH,4
2013-11-14,GARNELEN,5
2013-11-14,HAEHNCHEN,29
2013-11-14,KOEFTE,20
2013-11-14,LAMM,41
2013-11-14,STEAK,26
2013-11-15,CALAMARI,7
2013-11-15,FISCH,7
2013-11-15,GARNELEN,19
2013-11-15,HAEHNCHEN,36
2013-11-15,KOEFTE,22
2013-11-15,LAMM,48
2013-11-15,STEAK,36
2013-11-16,CALAMARI,4
2013-11-16,FISCH,10
2013-11-16,GARNELEN,13
2013-11-16,HAEHNCHEN,57
2013-11-16,KOEFTE,43
2013-11-16,LAMM,57
2013-11-16,STEAK,44
2013-11-17,CALAMARI,1
2013-11-17,FISCH,1
2013-11-17,GARNELEN,12
2013-11-17,HAEHNCHEN,24
2013-11-17,KOEFTE,22
2013-11-17,LAMM,16
2013-11-17,STEAK,22
2013-11-18,CALAMARI,4
2013-11-18,FISCH,5
2013-11-18,GARNELEN,7
2013-11-18,HAEHNCHEN,30
2013-11-18,KOEFTE,30
2013-11-18,LAMM,26
2013-11-18,STEAK,18
2013-11-19,CALAMARI,4
2013-11-19,FISCH,6
2013-11-19,GARNELEN,10
2013-11-19,HAEHNCHEN,25
2013-11-19,KOEFTE,21
2013-11-19,LAMM,22
2013-11-19,STEAK,21
2013-11-20,CALAMARI,5
2013-11-20,FISCH,3
2013-11-20,GARNELEN,16
2013-11-20,HAEHNCHEN,33
2013-11-20,KOEFTE,21
2013-11-20,LAMM,24
2013-11-20,STEAK,18
2013-11-21,CALAMARI,7
2013-11-21,FISCH,5
2013-11-21,GARNELEN,15
2013-11-21,HAEHNCHEN,52
2013-11-21,KOEFTE,20
2013-11-21,LAMM,31
2013-11-21,STEAK,33
2013-11-22,CALAMARI,4
2013-11-22,FISCH,6
2013-11-22,GARNELEN,14
2013-11-22,HAEHNCHEN,42
2013-11-22,KOEFTE,25
2013-11-22,LAMM,36
2013-11-22,STEAK,27
2013-11-23,CALAMARI,6
2013-11-23,FISCH,9
2013-11-23,GARNELEN,14
2013-11-23,HAEHNCHEN,54
2013-11-23,KOEFTE,44
2013-11-23,LAMM,48
2013-11-23,STEAK,48
2013-11-24,CALAMARI,4
2013-11-24,FISCH,7
2013-11-24,GARNELEN,8
2013-11-24,HAEHNCHEN,37
2013-11-24,KOEFTE,21
2013-11-24,LAMM,24
2013-11-24,STEAK,29
2013-11-25,CALAMARI,4
2013-11-25,FISCH,8
2013-11-25,GARNELEN,6
2013-11-25,HAEHNCHEN,27
2013-11-25,KOEFTE,22
2013-11-25,LAMM,21
2013-11-25,STEAK,26
2013-11-26,CALAMARI,4
2013-11-26,FISCH,5
2013-11-26,GARNELEN,5
2013-11-26,HAEHNCHEN,38
2013-11-26,KOEFTE,32
2013-11-26,LAMM,33
2013-11-26,STEAK,19
2013-11-27,CALAMARI,1
2013-11-27,FISCH,5
2013-11-27,GARNELEN,11
2013-11-27,HAEHNCHEN,30
2013-11-27,KOEFTE,18
2013-11-27,LAMM,33
2013-11-27,STEAK,30
2013-11-28,CALAMARI,4
2013-11-28,FISCH,7
2013-11-28,GARNELEN,11
2013-11-28,HAEHNCHEN,33
2013-11-28,KOEFTE,21
2013-11-28,LAMM,33
2013-11-28,STEAK,26
2013-11-29,CALAMARI,5
2013-11-29,FISCH,11
2013-11-29,GARNELEN,9
2013-11-29,HAEHNCHEN,35
2013-11-29,KOEFTE,31
2013-11-29,LAMM,34
2013-11-29,STEAK,27
2013-11-30,CALAMARI,13
2013-11-30,FISCH,7
2013-11-30,GARNELEN,11
2013-11-30,HAEHNCHEN,46
2013-11-30,KOEFTE,27
2013-11-30,LAMM,50
2013-11-30,STEAK,47
2013-12-01,CALAMARI,1
2013-12-01,FISCH,3
2013-12-01,GARNELEN,7
2013-12-01,HAEHNCHEN,19
2013-12-01,KOEFTE,8
2013-12-01,LAMM,16
2013-12-01,STEAK,15
2013-12-02,CALAMARI,4
2013-12-02,FISCH,11
2013-12-02,GARNELEN,4
2013-12-02,HAEHNCHEN,26
2013-12-02,KOEFTE,14
2013-12-02,LAMM,14
2013-12-02,STEAK,13
2013-12-03,CALAMARI,3
2013-12-03,FISCH,5
2013-12-03,GARNELEN,15
2013-12-03,HAEHNCHEN,23
2013-12-03,KOEFTE,21
2013-12-03,LAMM,28
2013-12-03,STEAK,30
2013-12-04,CALAMARI,2
2013-12-04,FISCH,7
2013-12-04,GARNELEN,13
2013-12-04,HAEHNCHEN,24
2013-12-04,KOEFTE,18
2013-12-04,LAMM,24
2013-12-04,STEAK,22
2013-12-05,CALAMARI,7
2013-12-05,FISCH,4
2013-12-05,GARNELEN,9
2013-12-05,HAEHNCHEN,35
2013-12-05,KOEFTE,11
2013-12-05,LAMM,25
2013-12-05,STEAK,24
2013-12-06,CALAMARI,9
2013-12-06,FISCH,5
2013-12-06,GARNELEN,15
2013-12-06,HAEHNCHEN,42
2013-12-06,KOEFTE,29
2013-12-06,LAMM,35
2013-12-06,STEAK,26
2013-12-07,CALAMARI,11
2013-12-07,FISCH,11
2013-12-07,GARNELEN,28
2013-12-07,HAEHNCHEN,57
2013-12-07,KOEFTE,48
2013-12-07,LAMM,50
2013-12-07,STEAK,55
2013-12-08,CALAMARI,4
2013-12-08,FISCH,11
2013-12-08,GARNELEN,5
2013-12-08,HAEHNCHEN,27
2013-12-08,KOEFTE,16
2013-12-08,LAMM,29
2013-12-08,STEAK,21
2013-12-09,CALAMARI,3
2013-12-09,FISCH,3
2013-12-09,GARNELEN,8
2013-12-09,HAEHNCHEN,21
2013-12-09,KOEFTE,14
2013-12-09,LAMM,31
2013-12-09,STEAK,24
2013-12-10,CALAMARI,5
2013-12-10,FISCH,10
2013-12-10,GARNELEN,11
2013-12-10,HAEHNCHEN,24
2013-12-10,KOEFTE,14
2013-12-10,LAMM,28
2013-12-10,STEAK,22
2013-12-11,CALAMARI,4
2013-12-11,FISCH,10
2013-12-11,GARNELEN,12
2013-12-11,HAEHNCHEN,29
2013-12-11,KOEFTE,13
2013-12-11,LAMM,35
2013-12-11,STEAK,20
2013-12-12,CALAMARI,3
2013-12-12,FISCH,3
2013-12-12,GARNELEN,9
2013-12-12,HAEHNCHEN,21
2013-12-12,KOEFTE,30
2013-12-12,LAMM,27
2013-12-12,STEAK,23
2013-12-13,CALAMARI,5
2013-12-13,FISCH,8
2013-12-13,GARNELEN,10
2013-12-13,HAEHNCHEN,28
2013-12-13,KOEFTE,18
2013-12-13,LAMM,36
2013-12-13,STEAK,26
2013-12-14,CALAMARI,6
2013-12-14,FISCH,16
2013-12-14,GARNELEN,12
2013-12-14,HAEHNCHEN,58
2013-12-14,KOEFTE,44
2013-12-14,LAMM,40
2013-12-14,STEAK,38
2013-12-15,CALAMARI,4
2013-12-15,FISCH,0
2013-12-15,GARNELEN,6
2013-12-15,HAEHNCHEN,10
2013-12-15,KOEFTE,11
2013-12-15,LAMM,18
2013-12-15,STEAK,13
2013-12-16,CALAMARI,2
2013-12-16,FISCH,1
2013-12-16,GARNELEN,3
2013-12-16,HAEHNCHEN,32
2013-12-16,KOEFTE,14
2013-12-16,LAMM,20
2013-12-16,STEAK,30
2013-12-17,CALAMARI,4
2013-12-17,FISCH,5
2013-12-17,GARNELEN,9
2013-12-17,HAEHNCHEN,31
2013-12-17,KOEFTE,24
2013-12-17,LAMM,28
2013-12-17,STEAK,33
2013-12-18,CALAMARI,1
2013-12-18,FISCH,11
2013-12-18,GARNELEN,12
2013-12-18,HAEHNCHEN,28
2013-12-18,KOEFTE,24
2013-12-18,LAMM,25
2013-12-18,STEAK,18
2013-12-19,CALAMARI,7
2013-12-19,FISCH,3
2013-12-19,GARNELEN,15
2013-12-19,HAEHNCHEN,43
2013-12-19,KOEFTE,11
2013-12-19,LAMM,34
2013-12-19,STEAK,30
2013-12-20,CALAMARI,7
2013-12-20,FISCH,4
2013-12-20,GARNELEN,11
2013-12-20,HAEHNCHEN,32
2013-12-20,KOEFTE,38
2013-12-20,LAMM,57
2013-12-20,STEAK,30
2013-12-21,CALAMARI,3
2013-12-21,FISCH,7
2013-12-21,GARNELEN,12
2013-12-21,HAEHNCHEN,42
2013-12-21,KOEFTE,25
2013-12-21,LAMM,29
2013-12-21,STEAK,37
2013-12-22,CALAMARI,4
2013-12-22,FISCH,4
2013-12-22,GARNELEN,10
2013-12-22,HAEHNCHEN,17
2013-12-22,KOEFTE,5
2013-12-22,LAMM,13
2013-12-22,STEAK,25
2013-12-23,CALAMARI,6
2013-12-23,FISCH,6
2013-12-23,GARNELEN,11
2013-12-23,HAEHNCHEN,42
2013-12-23,KOEFTE,42
2013-12-23,LAMM,46
2013-12-23,STEAK,53
2013-12-24,CALAMARI,1
2013-12-24,FISCH,3
2013-12-24,GARNELEN,1
2013-12-24,HAEHNCHEN,3
2013-12-24,KOEFTE,4
2013-12-24,LAMM,7
2013-12-24,STEAK,5
2013-12-26,CALAMARI,4
2013-12-26,FISCH,0
2013-12-26,GARNELEN,3
2013-12-26,HAEHNCHEN,12
2013-12-26,KOEFTE,2
2013-12-26,LAMM,16
2013-12-26,STEAK,18
2013-12-27,CALAMARI,11
2013-12-27,FISCH,5
2013-12-27,GARNELEN,12
2013-12-27,HAEHNCHEN,54
2013-12-27,KOEFTE,34
2013-12-27,LAMM,44
2013-12-27,STEAK,44
2013-12-28,CALAMARI,7
2013-12-28,FISCH,5
2013-12-28,GARNELEN,17
2013-12-28,HAEHNCHEN,52
2013-12-28,KOEFTE,31
2013-12-28,LAMM,40
2013-12-28,STEAK,40
2013-12-29,CALAMARI,6
2013-12-29,FISCH,5
2013-12-29,GARNELEN,4
2013-12-29,HAEHNCHEN,27
2013-12-29,KOEFTE,10
2013-12-29,LAMM,18
2013-12-29,STEAK,19
2013-12-30,CALAMARI,8
2013-12-30,FISCH,7
2013-12-30,GARNELEN,16
2013-12-30,HAEHNCHEN,62
2013-12-30,KOEFTE,38
2013-12-30,LAMM,48
2013-12-30,STEAK,42
2013-12-31,CALAMARI,3
2013-12-31,FISCH,2
2013-12-31,GARNELEN,1
2013-12-31,HAEHNCHEN,11
2013-12-31,KOEFTE,5
2013-12-31,LAMM,9
2013-12-31,STEAK,8
2014-01-01,CALAMARI,0
2014-01-01,FISCH,4
2014-01-01,GARNELEN,1
2014-01-01,HAEHNCHEN,21
2014-01-01,KOEFTE,13
2014-01-01,LAMM,13
2014-01-01,STEAK,10
2014-01-02,CALAMARI,7
2014-01-02,FISCH,6
2014-01-02,GARNELEN,16
2014-01-02,HAEHNCHEN,45
2014-01-02,KOEFTE,30
2014-01-02,LAMM,37
2014-01-02,STEAK,35
2014-01-03,CALAMARI,8
2014-01-03,FISCH,9
2014-01-03,GARNELEN,11
2014-01-03,HAEHNCHEN,46
2014-01-03,KOEFTE,33
2014-01-03,LAMM,46
2014-01-03,STEAK,35
2014-01-04,CALAMARI,4
2014-01-04,FISCH,6
2014-01-04,GARNELEN,10
2014-01-04,HAEHNCHEN,45
2014-01-04,KOEFTE,26
2014-01-04,LAMM,26
2014-01-04,STEAK,43
2014-01-05,CALAMARI,2
2014-01-05,FISCH,5
2014-01-05,GARNELEN,7
2014-01-05,HAEHNCHEN,26
2014-01-05,KOEFTE,27
2014-01-05,LAMM,34
2014-01-05,STEAK,20
2014-01-06,CALAMARI,2
2014-01-06,FISCH,3
2014-01-06,GARNELEN,5
2014-01-06,HAEHNCHEN,25
2014-01-06,KOEFTE,19
2014-01-06,LAMM,38
2014-01-06,STEAK,32
2014-01-07,CALAMARI,8
2014-01-07,FISCH,2
2014-01-07,GARNELEN,7
2014-01-07,HAEHNCHEN,31
2014-01-07,KOEFTE,19
2014-01-07,LAMM,16
2014-01-07,STEAK,19
2014-01-08,CALAMARI,4
2014-01-08,FISCH,7
2014-01-08,GARNELEN,9
2014-01-08,HAEHNCHEN,26
2014-01-08,KOEFTE,16
2014-01-08,LAMM,23
2014-01-08,STEAK,21
2014-01-09,CALAMARI,5
2014-01-09,FISCH,4
2014-01-09,GARNELEN,7
2014-01-09,HAEHNCHEN,31
2014-01-09,KOEFTE,21
2014-01-09,LAMM,34
2014-01-09,STEAK,27
2014-01-10,CALAMARI,12
2014-01-10,FISCH,3
2014-01-10,GARNELEN,9
2014-01-10,HAEHNCHEN,37
2014-01-10,KOEFTE,27
2014-01-10,LAMM,34
2014-01-10,STEAK,24
2014-01-11,CALAMARI,11
2014-01-11,FISCH,7
2014-01-11,GARNELEN,18
2014-01-11,HAEHNCHEN,55
2014-01-11,KOEFTE,52
2014-01-11,LAMM,57
2014-01-11,STEAK,43
2014-01-12,CALAMARI,2
2014-01-12,FISCH,1
2014-01-12,GARNELEN,10
2014-01-12,HAEHNCHEN,28
2014-01-12,KOEFTE,14
2014-01-12,LAMM,12
2014-01-12,STEAK,13
2014-01-13,CALAMARI,2
2014-01-13,FISCH,5
2014-01-13,GARNELEN,13
2014-01-13,HAEHNCHEN,26
2014-01-13,KOEFTE,15
2014-01-13,LAMM,25
2014-01-13,STEAK,17
2014-01-14,CALAMARI,11
2014-01-14,FISCH,3
2014-01-14,GARNELEN,10
2014-01-14,HAEHNCHEN,39
2014-01-14,KOEFTE,17
2014-01-14,LAMM,28
2014-01-14,STEAK,27
2014-01-15,CALAMARI,9
2014-01-15,FISCH,5
2014-01-15,GARNELEN,5
2014-01-15,HAEHNCHEN,37
2014-01-15,KOEFTE,25
2014-01-15,LAMM,43
2014-01-15,STEAK,29
2014-01-16,CALAMARI,4
2014-01-16,FISCH,9
2014-01-16,GARNELEN,12
2014-01-16,HAEHNCHEN,24
2014-01-16,KOEFTE,24
2014-01-16,LAMM,36
2014-01-16,STEAK,30
2014-01-17,CALAMARI,9
2014-01-17,FISCH,9
2014-01-17,GARNELEN,11
2014-01-17,HAEHNCHEN,36
2014-01-17,KOEFTE,19
2014-01-17,LAMM,39
2014-01-17,STEAK,29
2014-01-18,CALAMARI,10
2014-01-18,FISCH,11
2014-01-18,GARNELEN,16
2014-01-18,HAEHNCHEN,61
2014-01-18,KOEFTE,58
2014-01-18,LAMM,66
2014-01-18,STEAK,42
2014-01-19,CALAMARI,2
2014-01-19,FISCH,4
2014-01-19,GARNELEN,4
2014-01-19,HAEHNCHEN,30
2014-01-19,KOEFTE,10
2014-01-19,LAMM,30
2014-01-19,STEAK,12
2014-01-20,CALAMARI,2
2014-01-20,FISCH,1
2014-01-20,GARNELEN,1
2014-01-20,HAEHNCHEN,20
2014-01-20,KOEFTE,16
2014-01-20,LAMM,22
2014-01-20,STEAK,14
2014-01-21,CALAMARI,6
2014-01-21,FISCH,3
2014-01-21,GARNELEN,8
2014-01-21,HAEHNCHEN,29
2014-01-21,KOEFTE,19
2014-01-21,LAMM,19
2014-01-21,STEAK,19
2014-01-22,CALAMARI,8
2014-01-22,FISCH,10
2014-01-22,GARNELEN,11
2014-01-22,HAEHNCHEN,35
2014-01-22,KOEFTE,23
2014-01-22,LAMM,45
2014-01-22,STEAK,23
2014-01-23,CALAMARI,6
2014-01-23,FISCH,5
2014-01-23,GARNELEN,10
2014-01-23,HAEHNCHEN,26
2014-01-23,KOEFTE,17
2014-01-23,LAMM,15
2014-01-23,STEAK,23
2014-01-24,CALAMARI,6
2014-01-24,FISCH,8
2014-01-24,GARNELEN,8
2014-01-24,HAEHNCHEN,27
2014-01-24,KOEFTE,19
2014-01-24,LAMM,21
2014-01-24,STEAK,21
2014-01-25,CALAMARI,7
2014-01-25,FISCH,4
2014-01-25,GARNELEN,10
2014-01-25,HAEHNCHEN,51
2014-01-25,KOEFTE,33
2014-01-25,LAMM,64
2014-01-25,STEAK,48
2014-01-26,CALAMARI,4
2014-01-26,FISCH,6
2014-01-26,GARNELEN,7
2014-01-26,HAEHNCHEN,32
2014-01-26,KOEFTE,13
2014-01-26,LAMM,24
2014-01-26,STEAK,32
2014-01-27,CALAMARI,1
2014-01-27,FISCH,5
2014-01-27,GARNELEN,3
2014-01-27,HAEHNCHEN,14
2014-01-27,KOEFTE,10
2014-01-27,LAMM,14
2014-01-27,STEAK,11
2014-01-28,CALAMARI,3
2014-01-28,FISCH,2
2014-01-28,GARNELEN,3
2014-01-28,HAEHNCHEN,30
2014-01-28,KOEFTE,17
2014-01-28,LAMM,31
2014-01-28,STEAK,16
2014-01-29,CALAMARI,24
2014-01-29,FISCH,4
2014-01-29,GARNELEN,12
2014-01-29,HAEHNCHEN,31
2014-01-29,KOEFTE,18
2014-01-29,LAMM,29
2014-01-29,STEAK,22
2014-01-30,CALAMARI,8
2014-01-30,FISCH,11
2014-01-30,GARNELEN,16
2014-01-30,HAEHNCHEN,33
2014-01-30,KOEFTE,23
2014-01-30,LAMM,36
2014-01-30,STEAK,29
2014-01-31,CALAMARI,4
2014-01-31,FISCH,6
2014-01-31,GARNELEN,14
2014-01-31,HAEHNCHEN,30
2014-01-31,KOEFTE,20
2014-01-31,LAMM,27
2014-01-31,STEAK,27
2014-02-01,CALAMARI,6
2014-02-01,FISCH,10
2014-02-01,GARNELEN,16
2014-02-01,HAEHNCHEN,45
2014-02-01,KOEFTE,44
2014-02-01,LAMM,67
2014-02-01,STEAK,48
2014-02-02,CALAMARI,0
2014-02-02,FISCH,1
2014-02-02,GARNELEN,12
2014-02-02,HAEHNCHEN,17
2014-02-02,KOEFTE,11
2014-02-02,LAMM,23
2014-02-02,STEAK,24
2014-02-03,CALAMARI,0
2014-02-03,FISCH,4
2014-02-03,GARNELEN,8
2014-02-03,HAEHNCHEN,16
2014-02-03,KOEFTE,11
2014-02-03,LAMM,16
2014-02-03,STEAK,16
2014-02-04,CALAMARI,2
2014-02-04,FISCH,5
2014-02-04,GARNELEN,12
2014-02-04,HAEHNCHEN,24
2014-02-04,KOEFTE,20
2014-02-04,LAMM,27
2014-02-04,STEAK,27
2014-02-05,CALAMARI,1
2014-02-05,FISCH,3
2014-02-05,GARNELEN,11
2014-02-05,HAEHNCHEN,26
2014-02-05,KOEFTE,28
2014-02-05,LAMM,35
2014-02-05,STEAK,22
2014-02-06,CALAMARI,4
2014-02-06,FISCH,2
2014-02-06,GARNELEN,9
2014-02-06,HAEHNCHEN,23
2014-02-06,KOEFTE,24
2014-02-06,LAMM,22
2014-02-06,STEAK,24
2014-02-07,CALAMARI,5
2014-02-07,FISCH,7
2014-02-07,GARNELEN,17
2014-02-07,HAEHNCHEN,29
2014-02-07,KOEFTE,31
2014-02-07,LAMM,47
2014-02-07,STEAK,24
2014-02-08,CALAMARI,10
2014-02-08,FISCH,5
2014-02-08,GARNELEN,11
2014-02-08,HAEHNCHEN,56
2014-02-08,KOEFTE,34
2014-02-08,LAMM,38
2014-02-08,STEAK,37
2014-02-09,CALAMARI,5
2014-02-09,FISCH,6
2014-02-09,GARNELEN,5
2014-02-09,HAEHNCHEN,27
2014-02-09,KOEFTE,17
2014-02-09,LAMM,17
2014-02-09,STEAK,23
2014-02-10,CALAMARI,2
2014-02-10,FISCH,3
2014-02-10,GARNELEN,1
2014-02-10,HAEHNCHEN,28
2014-02-10,KOEFTE,16
2014-02-10,LAMM,13
2014-02-10,STEAK,23
2014-02-11,CALAMARI,5
2014-02-11,FISCH,3
2014-02-11,GARNELEN,8
2014-02-11,HAEHNCHEN,31
2014-02-11,KOEFTE,19
2014-02-11,LAMM,25
2014-02-11,STEAK,26
2014-02-12,CALAMARI,4
2014-02-12,FISCH,6
2014-02-12,GARNELEN,4
2014-02-12,HAEHNCHEN,29
2014-02-12,KOEFTE,13
2014-02-12,LAMM,14
2014-02-12,STEAK,24
2014-02-13,CALAMARI,4
2014-02-13,FISCH,1
2014-02-13,GARNELEN,5
2014-02-13,HAEHNCHEN,21
2014-02-13,KOEFTE,15
2014-02-13,LAMM,22
2014-02-13,STEAK,29
2014-02-14,CALAMARI,14
2014-02-14,FISCH,7
2014-02-14,GARNELEN,14
2014-02-14,HAEHNCHEN,52
2014-02-14,KOEFTE,31
2014-02-14,LAMM,42
2014-02-14,STEAK,44
2014-02-15,CALAMARI,6
2014-02-15,FISCH,6
2014-02-15,GARNELEN,16
2014-02-15,HAEHNCHEN,59
2014-02-15,KOEFTE,22
2014-02-15,LAMM,48
2014-02-15,STEAK,37
2014-02-16,CALAMARI,3
2014-02-16,FISCH,6
2014-02-16,GARNELEN,7
2014-02-16,HAEHNCHEN,24
2014-02-16,KOEFTE,11
2014-02-16,LAMM,10
2014-02-16,STEAK,16
2014-02-17,CALAMARI,1
2014-02-17,FISCH,2
2014-02-17,GARNELEN,9
2014-02-17,HAEHNCHEN,15
2014-02-17,KOEFTE,16
2014-02-17,LAMM,28
2014-02-17,STEAK,18
2014-02-18,CALAMARI,1
2014-02-18,FISCH,8
2014-02-18,GARNELEN,5
2014-02-18,HAEHNCHEN,26
2014-02-18,KOEFTE,21
2014-02-18,LAMM,29
2014-02-18,STEAK,13
2014-02-19,CALAMARI,5
2014-02-19,FISCH,5
2014-02-19,GARNELEN,8
2014-02-19,HAEHNCHEN,18
2014-02-19,KOEFTE,24
2014-02-19,LAMM,14
2014-02-19,STEAK,23
2014-02-20,CALAMARI,3
2014-02-20,FISCH,2
2014-02-20,GARNELEN,10
2014-02-20,HAEHNCHEN,31
2014-02-20,KOEFTE,22
2014-02-20,LAMM,23
2014-02-20,STEAK,19
2014-02-21,CALAMARI,2
2014-02-21,FISCH,7
2014-02-21,GARNELEN,8
2014-02-21,HAEHNCHEN,25
2014-02-21,KOEFTE,26
2014-02-21,LAMM,32
2014-02-21,STEAK,29
2014-02-22,CALAMARI,14
2014-02-22,FISCH,2
2014-02-22,GARNELEN,17
2014-02-22,HAEHNCHEN,43
2014-02-22,KOEFTE,33
2014-02-22,LAMM,47
2014-02-22,STEAK,37
2014-02-23,CALAMARI,7
2014-02-23,FISCH,6
2014-02-23,GARNELEN,8
2014-02-23,HAEHNCHEN,22
2014-02-23,KOEFTE,17
2014-02-23,LAMM,27
2014-02-23,STEAK,22
2014-02-24,CALAMARI,4
2014-02-24,FISCH,2
2014-02-24,GARNELEN,12
2014-02-24,HAEHNCHEN,24
2014-02-24,KOEFTE,19
2014-02-24,LAMM,17
2014-02-24,STEAK,21
2014-02-25,CALAMARI,6
2014-02-25,FISCH,4
2014-02-25,GARNELEN,12
2014-02-25,HAEHNCHEN,38
2014-02-25,KOEFTE,23
2014-02-25,LAMM,31
2014-02-25,STEAK,19
2014-02-26,CALAMARI,5
2014-02-26,FISCH,6
2014-02-26,GARNELEN,7
2014-02-26,HAEHNCHEN,22
2014-02-26,KOEFTE,25
2014-02-26,LAMM,25
2014-02-26,STEAK,17
2014-02-27,CALAMARI,4
2014-02-27,FISCH,3
2014-02-27,GARNELEN,10
2014-02-27,HAEHNCHEN,40
2014-02-27,KOEFTE,23
2014-02-27,LAMM,28
2014-02-27,STEAK,26
2014-02-28,CALAMARI,4
2014-02-28,FISCH,11
2014-02-28,GARNELEN,12
2014-02-28,HAEHNCHEN,31
2014-02-28,KOEFTE,20
2014-02-28,LAMM,36
2014-02-28,STEAK,34
2014-03-01,CALAMARI,8
2014-03-01,FISCH,7
2014-03-01,GARNELEN,18
2014-03-01,HAEHNCHEN,51
2014-03-01,KOEFTE,42
2014-03-01,LAMM,51
2014-03-01,STEAK,41
2014-03-02,CALAMARI,4
2014-03-02,FISCH,3
2014-03-02,GARNELEN,9
2014-03-02,HAEHNCHEN,19
2014-03-02,KOEFTE,19
2014-03-02,LAMM,26
2014-03-02,STEAK,15
2014-03-03,CALAMARI,0
2014-03-03,FISCH,3
2014-03-03,GARNELEN,10
2014-03-03,HAEHNCHEN,31
2014-03-03,KOEFTE,18
2014-03-03,LAMM,12
2014-03-03,STEAK,12
2014-03-04,CALAMARI,3
2014-03-04,FISCH,0
2014-03-04,GARNELEN,3
2014-03-04,HAEHNCHEN,22
2014-03-04,KOEFTE,15
2014-03-04,LAMM,24
2014-03-04,STEAK,15
2014-03-05,CALAMARI,3
2014-03-05,FISCH,9
2014-03-05,GARNELEN,9
2014-03-05,HAEHNCHEN,27
2014-03-05,KOEFTE,27
2014-03-05,LAMM,27
2014-03-05,STEAK,29
2014-03-06,CALAMARI,7
2014-03-06,FISCH,3
2014-03-06,GARNELEN,14
2014-03-06,HAEHNCHEN,28
2014-03-06,KOEFTE,30
2014-03-06,LAMM,35
2014-03-06,STEAK,26
2014-03-07,CALAMARI,5
2014-03-07,FISCH,5
2014-03-07,GARNELEN,15
2014-03-07,HAEHNCHEN,44
2014-03-07,KOEFTE,23
2014-03-07,LAMM,31
2014-03-07,STEAK,31
2014-03-08,CALAMARI,9
2014-03-08,FISCH,8
2014-03-08,GARNELEN,12
2014-03-08,HAEHNCHEN,34
2014-03-08,KOEFTE,33
2014-03-08,LAMM,40
2014-03-08,STEAK,30
2014-03-09,CALAMARI,6
2014-03-09,FISCH,5
2014-03-09,GARNELEN,7
2014-03-09,HAEHNCHEN,31
2014-03-09,KOEFTE,20
2014-03-09,LAMM,20
2014-03-09,STEAK,22
2014-03-10,CALAMARI,1
2014-03-10,FISCH,4
2014-03-10,GARNELEN,11
2014-03-10,HAEHNCHEN,18
2014-03-10,KOEFTE,16
2014-03-10,LAMM,12
2014-03-10,STEAK,16
2014-03-11,CALAMARI,5
2014-03-11,FISCH,1
2014-03-11,GARNELEN,5
2014-03-11,HAEHNCHEN,24
2014-03-11,KOEFTE,14
2014-03-11,LAMM,23
2014-03-11,STEAK,18
2014-03-12,CALAMARI,4
2014-03-12,FISCH,4
2014-03-12,GARNELEN,5
2014-03-12,HAEHNCHEN,21
2014-03-12,KOEFTE,20
2014-03-12,LAMM,20
2014-03-12,STEAK,17
2014-03-13,CALAMARI,8
2014-03-13,FISCH,0
2014-03-13,GARNELEN,1
2014-03-13,HAEHNCHEN,25
2014-03-13,KOEFTE,31
2014-03-13,LAMM,24
2014-03-13,STEAK,17
2014-03-14,CALAMARI,6
2014-03-14,FISCH,3
2014-03-14,GARNELEN,8
2014-03-14,HAEHNCHEN,31
2014-03-14,KOEFTE,39
2014-03-14,LAMM,38
2014-03-14,STEAK,19
2014-03-15,CALAMARI,10
2014-03-15,FISCH,7
2014-03-15,GARNELEN,12
2014-03-15,HAEHNCHEN,51
2014-03-15,KOEFTE,33
2014-03-15,LAMM,52
2014-03-15,STEAK,44
2014-03-16,CALAMARI,4
2014-03-16,FISCH,5
2014-03-16,GARNELEN,9
2014-03-16,HAEHNCHEN,32
2014-03-16,KOEFTE,18
2014-03-16,LAMM,19
2014-03-16,STEAK,14
2014-03-17,CALAMARI,4
2014-03-17,FISCH,2
2014-03-17,GARNELEN,4
2014-03-17,HAEHNCHEN,18
2014-03-17,KOEFTE,20
2014-03-17,LAMM,23
2014-03-17,STEAK,12
2014-03-18,CALAMARI,6
2014-03-18,FISCH,3
2014-03-18,GARNELEN,6
2014-03-18,HAEHNCHEN,29
2014-03-18,KOEFTE,19
2014-03-18,LAMM,26
2014-03-18,STEAK,23
2014-03-19,CALAMARI,1
2014-03-19,FISCH,4
2014-03-19,GARNELEN,6
2014-03-19,HAEHNCHEN,25
2014-03-19,KOEFTE,23
2014-03-19,LAMM,30
2014-03-19,STEAK,19
2014-03-20,CALAMARI,8
2014-03-20,FISCH,3
2014-03-20,GARNELEN,15
2014-03-20,HAEHNCHEN,36
2014-03-20,KOEFTE,22
2014-03-20,LAMM,25
2014-03-20,STEAK,20
2014-03-21,CALAMARI,7
2014-03-21,FISCH,9
2014-03-21,GARNELEN,7
2014-03-21,HAEHNCHEN,31
2014-03-21,KOEFTE,25
2014-03-21,LAMM,38
2014-03-21,STEAK,30
2014-03-22,CALAMARI,4
2014-03-22,FISCH,7
2014-03-22,GARNELEN,12
2014-03-22,HAEHNCHEN,39
2014-03-22,KOEFTE,26
2014-03-22,LAMM,38
2014-03-22,STEAK,45
2014-03-23,CALAMARI,4
2014-03-23,FISCH,4
2014-03-23,GARNELEN,6
2014-03-23,HAEHNCHEN,22
2014-03-23,KOEFTE,13
2014-03-23,LAMM,26
2014-03-23,STEAK,17
2014-03-24,CALAMARI,0
2014-03-24,FISCH,2
2014-03-24,GARNELEN,6
2014-03-24,HAEHNCHEN,16
2014-03-24,KOEFTE,13
2014-03-24,LAMM,8
2014-03-24,STEAK,6
2014-03-25,CALAMARI,5
2014-03-25,FISCH,1
2014-03-25,GARNELEN,6
2014-03-25,HAEHNCHEN,24
2014-03-25,KOEFTE,23
2014-03-25,LAMM,28
2014-03-25,STEAK,21
2014-03-26,CALAMARI,4
2014-03-26,FISCH,5
2014-03-26,GARNELEN,14
2014-03-26,HAEHNCHEN,27
2014-03-26,KOEFTE,19
2014-03-26,LAMM,38
2014-03-26,STEAK,19
2014-03-27,CALAMARI,4
2014-03-27,FISCH,5
2014-03-27,GARNELEN,7
2014-03-27,HAEHNCHEN,27
2014-03-27,KOEFTE,19
2014-03-27,LAMM,29
2014-03-27,STEAK,15
2014-03-28,CALAMARI,4
2014-03-28,FISCH,6
2014-03-28,GARNELEN,11
2014-03-28,HAEHNCHEN,35
2014-03-28,KOEFTE,25
2014-03-28,LAMM,35
2014-03-28,STEAK,30
2014-03-29,CALAMARI,11
2014-03-29,FISCH,7
2014-03-29,GARNELEN,16
2014-03-29,HAEHNCHEN,51
2014-03-29,KOEFTE,30
2014-03-29,LAMM,56
2014-03-29,STEAK,44
2014-03-30,CALAMARI,6
2014-03-30,FISCH,1
2014-03-30,GARNELEN,4
2014-03-30,HAEHNCHEN,21
2014-03-30,KOEFTE,12
2014-03-30,LAMM,13
2014-03-30,STEAK,11
2014-03-31,CALAMARI,2
2014-03-31,FISCH,9
2014-03-31,GARNELEN,9
2014-03-31,HAEHNCHEN,20
2014-03-31,KOEFTE,21
2014-03-31,LAMM,23
2014-03-31,STEAK,21
2014-04-01,CALAMARI,9
2014-04-01,FISCH,4
2014-04-01,GARNELEN,5
2014-04-01,HAEHNCHEN,16
2014-04-01,KOEFTE,22
2014-04-01,LAMM,17
2014-04-01,STEAK,21
2014-04-02,CALAMARI,1
2014-04-02,FISCH,3
2014-04-02,GARNELEN,14
2014-04-02,HAEHNCHEN,36
2014-04-02,KOEFTE,16
2014-04-02,LAMM,23
2014-04-02,STEAK,22
2014-04-03,CALAMARI,10
2014-04-03,FISCH,6
2014-04-03,GARNELEN,16
2014-04-03,HAEHNCHEN,36
2014-04-03,KOEFTE,21
2014-04-03,LAMM,25
2014-04-03,STEAK,17
2014-04-04,CALAMARI,5
2014-04-04,FISCH,5
2014-04-04,GARNELEN,13
2014-04-04,HAEHNCHEN,20
2014-04-04,KOEFTE,19
2014-04-04,LAMM,34
2014-04-04,STEAK,18
2014-04-05,CALAMARI,13
2014-04-05,FISCH,13
2014-04-05,GARNELEN,27
2014-04-05,HAEHNCHEN,56
2014-04-05,KOEFTE,49
2014-04-05,LAMM,63
2014-04-05,STEAK,60
2014-04-06,CALAMARI,2
2014-04-06,FISCH,0
2014-04-06,GARNELEN,4
2014-04-06,HAEHNCHEN,26
2014-04-06,KOEFTE,15
2014-04-06,LAMM,21
2014-04-06,STEAK,16
2014-04-07,CALAMARI,4
2014-04-07,FISCH,2
2014-04-07,GARNELEN,11
2014-04-07,HAEHNCHEN,14
2014-04-07,KOEFTE,19
2014-04-07,LAMM,15
2014-04-07,STEAK,9
2014-04-08,CALAMARI,4
2014-04-08,FISCH,5
2014-04-08,GARNELEN,6
2014-04-08,HAEHNCHEN,17
2014-04-08,KOEFTE,15
2014-04-08,LAMM,30
2014-04-08,STEAK,19
2014-04-09,CALAMARI,2
2014-04-09,FISCH,3
2014-04-09,GARNELEN,7
2014-04-09,HAEHNCHEN,40
2014-04-09,KOEFTE,23
2014-04-09,LAMM,28
2014-04-09,STEAK,28
2014-04-10,CALAMARI,1
2014-04-10,FISCH,2
2014-04-10,GARNELEN,13
2014-04-10,HAEHNCHEN,45
2014-04-10,KOEFTE,22
2014-04-10,LAMM,27
2014-04-10,STEAK,28
2014-04-11,CALAMARI,9
2014-04-11,FISCH,6
2014-04-11,GARNELEN,13
2014-04-11,HAEHNCHEN,37
2014-04-11,KOEFTE,27
2014-04-11,LAMM,59
2014-04-11,STEAK,28
2014-04-12,CALAMARI,2
2014-04-12,FISCH,7
2014-04-12,GARNELEN,14
2014-04-12,HAEHNCHEN,47
2014-04-12,KOEFTE,31
2014-04-12,LAMM,45
2014-04-12,STEAK,31
2014-04-13,CALAMARI,7
2014-04-13,FISCH,3
2014-04-13,GARNELEN,9
2014-04-13,HAEHNCHEN,16
2014-04-13,KOEFTE,16
2014-04-13,LAMM,25
2014-04-13,STEAK,12
2014-04-14,CALAMARI,3
2014-04-14,FISCH,8
2014-04-14,GARNELEN,10
2014-04-14,HAEHNCHEN,17
2014-04-14,KOEFTE,23
2014-04-14,LAMM,19
2014-04-14,STEAK,18
2014-04-15,CALAMARI,6
2014-04-15,FISCH,1
2014-04-15,GARNELEN,4
2014-04-15,HAEHNCHEN,25
2014-04-15,KOEFTE,18
2014-04-15,LAMM,28
2014-04-15,STEAK,14
2014-04-16,CALAMARI,10
2014-04-16,FISCH,7
2014-04-16,GARNELEN,12
2014-04-16,HAEHNCHEN,39
2014-04-16,KOEFTE,22
2014-04-16,LAMM,33
2014-04-16,STEAK,27
2014-04-17,CALAMARI,5
2014-04-17,FISCH,7
2014-04-17,GARNELEN,18
2014-04-17,HAEHNCHEN,24
2014-04-17,KOEFTE,21
2014-04-17,LAMM,21
2014-04-17,STEAK,18
2014-04-18,CALAMARI,1
2014-04-18,FISCH,3
2014-04-18,GARNELEN,11
2014-04-18,HAEHNCHEN,13
2014-04-18,KOEFTE,9
2014-04-18,LAMM,14
2014-04-18,STEAK,12
2014-04-19,CALAMARI,5
2014-04-19,FISCH,4
2014-04-19,GARNELEN,11
2014-04-19,HAEHNCHEN,41
2014-04-19,KOEFTE,21
2014-04-19,LAMM,44
2014-04-19,STEAK,26
2014-04-20,CALAMARI,2
2014-04-20,FISCH,2
2014-04-20,GARNELEN,5
2014-04-20,HAEHNCHEN,17
2014-04-20,KOEFTE,7
2014-04-20,LAMM,14
2014-04-20,STEAK,11
2014-04-21,CALAMARI,2
2014-04-21,FISCH,6
2014-04-21,GARNELEN,6
2014-04-21,HAEHNCHEN,12
2014-04-21,KOEFTE,11
2014-04-21,LAMM,17
2014-04-21,STEAK,9
2014-04-22,CALAMARI,5
2014-04-22,FISCH,7
2014-04-22,GARNELEN,5
2014-04-22,HAEHNCHEN,23
2014-04-22,KOEFTE,16
2014-04-22,LAMM,22
2014-04-22,STEAK,25
2014-04-23,CALAMARI,7
2014-04-23,FISCH,3
2014-04-23,GARNELEN,10
2014-04-23,HAEHNCHEN,26
2014-04-23,KOEFTE,19
2014-04-23,LAMM,15
2014-04-23,STEAK,18
2014-04-24,CALAMARI,2
2014-04-24,FISCH,4
2014-04-24,GARNELEN,11
2014-04-24,HAEHNCHEN,19
2014-04-24,KOEFTE,17
2014-04-24,LAMM,24
2014-04-24,STEAK,16
2014-04-25,CALAMARI,3
2014-04-25,FISCH,6
2014-04-25,GARNELEN,18
2014-04-25,HAEHNCHEN,36
2014-04-25,KOEFTE,18
2014-04-25,LAMM,16
2014-04-25,STEAK,39
2014-04-26,CALAMARI,5
2014-04-26,FISCH,3
2014-04-26,GARNELEN,23
2014-04-26,HAEHNCHEN,39
2014-04-26,KOEFTE,31
2014-04-26,LAMM,43
2014-04-26,STEAK,27
2014-04-27,CALAMARI,8
2014-04-27,FISCH,4
2014-04-27,GARNELEN,4
2014-04-27,HAEHNCHEN,19
2014-04-27,KOEFTE,10
2014-04-27,LAMM,13
2014-04-27,STEAK,16
2014-04-28,CALAMARI,3
2014-04-28,FISCH,4
2014-04-28,GARNELEN,11
2014-04-28,HAEHNCHEN,18
2014-04-28,KOEFTE,18
2014-04-28,LAMM,19
2014-04-28,STEAK,12
2014-04-29,CALAMARI,3
2014-04-29,FISCH,5
2014-04-29,GARNELEN,10
2014-04-29,HAEHNCHEN,27
2014-04-29,KOEFTE,24
2014-04-29,LAMM,22
2014-04-29,STEAK,13
2014-04-30,CALAMARI,5
2014-04-30,FISCH,5
2014-04-30,GARNELEN,12
2014-04-30,HAEHNCHEN,26
2014-04-30,KOEFTE,24
2014-04-30,LAMM,41
2014-04-30,STEAK,22
2014-05-01,CALAMARI,8
2014-05-01,FISCH,6
2014-05-01,GARNELEN,11
2014-05-01,HAEHNCHEN,26
2014-05-01,KOEFTE,27
2014-05-01,LAMM,34
2014-05-01,STEAK,27
2014-05-02,CALAMARI,8
2014-05-02,FISCH,7
2014-05-02,GARNELEN,17
2014-05-02,HAEHNCHEN,37
2014-05-02,KOEFTE,48
2014-05-02,LAMM,45
2014-05-02,STEAK,49
2014-05-03,CALAMARI,8
2014-05-03,FISCH,7
2014-05-03,GARNELEN,15
2014-05-03,HAEHNCHEN,50
2014-05-03,KOEFTE,29
2014-05-03,LAMM,55
2014-05-03,STEAK,40
2014-05-04,CALAMARI,5
2014-05-04,FISCH,3
2014-05-04,GARNELEN,6
2014-05-04,HAEHNCHEN,17
2014-05-04,KOEFTE,25
2014-05-04,LAMM,24
2014-05-04,STEAK,15
2014-05-05,CALAMARI,3
2014-05-05,FISCH,4
2014-05-05,GARNELEN,3
2014-05-05,HAEHNCHEN,19
2014-05-05,KOEFTE,10
2014-05-05,LAMM,24
2014-05-05,STEAK,11
2014-05-06,CALAMARI,5
2014-05-06,FISCH,2
2014-05-06,GARNELEN,9
2014-05-06,HAEHNCHEN,21
2014-05-06,KOEFTE,15
2014-05-06,LAMM,27
2014-05-06,STEAK,19
2014-05-07,CALAMARI,6
2014-05-07,FISCH,5
2014-05-07,GARNELEN,6
2014-05-07,HAEHNCHEN,29
2014-05-07,KOEFTE,18
2014-05-07,LAMM,33
2014-05-07,STEAK,29
2014-05-08,CALAMARI,2
2014-05-08,FISCH,4
2014-05-08,GARNELEN,13
2014-05-08,HAEHNCHEN,17
2014-05-08,KOEFTE,22
2014-05-08,LAMM,29
2014-05-08,STEAK,8
2014-05-09,CALAMARI,4
2014-05-09,FISCH,2
2014-05-09,GARNELEN,9
2014-05-09,HAEHNCHEN,19
2014-05-09,KOEFTE,30
2014-05-09,LAMM,34
2014-05-09,STEAK,24
2014-05-10,CALAMARI,8
2014-05-10,FISCH,5
2014-05-10,GARNELEN,16
2014-05-10,HAEHNCHEN,38
2014-05-10,KOEFTE,43
2014-05-10,LAMM,43
2014-05-10,STEAK,22
2014-05-11,CALAMARI,4
2014-05-11,FISCH,2
2014-05-11,GARNELEN,3
2014-05-11,HAEHNCHEN,9
2014-05-11,KOEFTE,8
2014-05-11,LAMM,18
2014-05-11,STEAK,14
2014-05-12,CALAMARI,1
2014-05-12,FISCH,3
2014-05-12,GARNELEN,11
2014-05-12,HAEHNCHEN,17
2014-05-12,KOEFTE,28
2014-05-12,LAMM,14
2014-05-12,STEAK,19
2014-05-13,CALAMARI,5
2014-05-13,FISCH,6
2014-05-13,GARNELEN,9
2014-05-13,HAEHNCHEN,32
2014-05-13,KOEFTE,23
2014-05-13,LAMM,29
2014-05-13,STEAK,28
2014-05-14,CALAMARI,2
2014-05-14,FISCH,0
2014-05-14,GARNELEN,7
2014-05-14,HAEHNCHEN,23
2014-05-14,KOEFTE,30
2014-05-14,LAMM,28
2014-05-14,STEAK,21
2014-05-15,CALAMARI,1
2014-05-15,FISCH,6
2014-05-15,GARNELEN,15
2014-05-15,HAEHNCHEN,40
2014-05-15,KOEFTE,28
2014-05-15,LAMM,36
2014-05-15,STEAK,21
2014-05-16,CALAMARI,12
2014-05-16,FISCH,9
2014-05-16,GARNELEN,14
2014-05-16,HAEHNCHEN,27
2014-05-16,KOEFTE,28
2014-05-16,LAMM,43
2014-05-16,STEAK,21
2014-05-17,CALAMARI,5
2014-05-17,FISCH,8
2014-05-17,GARNELEN,20
2014-05-17,HAEHNCHEN,36
2014-05-17,KOEFTE,35
2014-05-17,LAMM,39
2014-05-17,STEAK,32
2014-05-18,CALAMARI,3
2014-05-18,FISCH,2
2014-05-18,GARNELEN,4
2014-05-18,HAEHNCHEN,8
2014-05-18,KOEFTE,7
2014-05-18,LAMM,11
2014-05-18,STEAK,18
2014-05-19,CALAMARI,2
2014-05-19,FISCH,4
2014-05-19,GARNELEN,7
2014-05-19,HAEHNCHEN,23
2014-05-19,KOEFTE,14
2014-05-19,LAMM,17
2014-05-19,STEAK,20
2014-05-20,CALAMARI,3
2014-05-20,FISCH,3
2014-05-20,GARNELEN,10
2014-05-20,HAEHNCHEN,29
2014-05-20,KOEFTE,23
2014-05-20,LAMM,26
2014-05-20,STEAK,19
2014-05-21,CALAMARI,5
2014-05-21,FISCH,6
2014-05-21,GARNELEN,13
2014-05-21,HAEHNCHEN,32
2014-05-21,KOEFTE,19
2014-05-21,LAMM,27
2014-05-21,STEAK,23
2014-05-22,CALAMARI,3
2014-05-22,FISCH,5
2014-05-22,GARNELEN,15
2014-05-22,HAEHNCHEN,26
2014-05-22,KOEFTE,23
2014-05-22,LAMM,30
2014-05-22,STEAK,21
2014-05-23,CALAMARI,7
2014-05-23,FISCH,9
2014-05-23,GARNELEN,10
2014-05-23,HAEHNCHEN,25
2014-05-23,KOEFTE,28
2014-05-23,LAMM,28
2014-05-23,STEAK,16
2014-05-24,CALAMARI,3
2014-05-24,FISCH,4
2014-05-24,GARNELEN,11
2014-05-24,HAEHNCHEN,42
2014-05-24,KOEFTE,26
2014-05-24,LAMM,37
2014-05-24,STEAK,28
2014-05-25,CALAMARI,4
2014-05-25,FISCH,2
2014-05-25,GARNELEN,2
2014-05-25,HAEHNCHEN,12
2014-05-25,KOEFTE,9
2014-05-25,LAMM,15
2014-05-25,STEAK,14
2014-05-26,CALAMARI,5
2014-05-26,FISCH,4
2014-05-26,GARNELEN,11
2014-05-26,HAEHNCHEN,15
2014-05-26,KOEFTE,28
2014-05-26,LAMM,24
2014-05-26,STEAK,16
2014-05-27,CALAMARI,1
2014-05-27,FISCH,5
2014-05-27,GARNELEN,6
2014-05-27,HAEHNCHEN,30
2014-05-27,KOEFTE,24
2014-05-27,LAMM,29
2014-05-27,STEAK,24
2014-05-28,CALAMARI,3
2014-05-28,FISCH,6
2014-05-28,GARNELEN,9
2014-05-28,HAEHNCHEN,29
2014-05-28,KOEFTE,14
2014-05-28,LAMM,30
2014-05-28,STEAK,23
2014-05-29,CALAMARI,6
2014-05-29,FISCH,4
2014-05-29,GARNELEN,16
2014-05-29,HAEHNCHEN,31
2014-05-29,KOEFTE,19
2014-05-29,LAMM,45
2014-05-29,STEAK,22
2014-05-30,CALAMARI,5
2014-05-30,FISCH,7
2014-05-30,GARNELEN,7
2014-05-30,HAEHNCHEN,55
2014-05-30,KOEFTE,44
2014-05-30,LAMM,48
2014-05-30,STEAK,33
2014-05-31,CALAMARI,5
2014-05-31,FISCH,6
2014-05-31,GARNELEN,16
2014-05-31,HAEHNCHEN,38
2014-05-31,KOEFTE,30
2014-05-31,LAMM,39
2014-05-31,STEAK,27
2014-06-01,CALAMARI,2
2014-06-01,FISCH,2
2014-06-01,GARNELEN,11
2014-06-01,HAEHNCHEN,21
2014-06-01,KOEFTE,9
2014-06-01,LAMM,22
2014-06-01,STEAK,17
2014-06-02,CALAMARI,3
2014-06-02,FISCH,7
2014-06-02,GARNELEN,10
2014-06-02,HAEHNCHEN,18
2014-06-02,KOEFTE,17
2014-06-02,LAMM,16
2014-06-02,STEAK,16
2014-06-03,CALAMARI,5
2014-06-03,FISCH,2
2014-06-03,GARNELEN,8
2014-06-03,HAEHNCHEN,23
2014-06-03,KOEFTE,25
2014-06-03,LAMM,33
2014-06-03,STEAK,26
2014-06-04,CALAMARI,7
2014-06-04,FISCH,9
2014-06-04,GARNELEN,5
2014-06-04,HAEHNCHEN,25
2014-06-04,KOEFTE,21
2014-06-04,LAMM,17
2014-06-04,STEAK,21
2014-06-05,CALAMARI,3
2014-06-05,FISCH,4
2014-06-05,GARNELEN,3
2014-06-05,HAEHNCHEN,18
2014-06-05,KOEFTE,25
2014-06-05,LAMM,21
2014-06-05,STEAK,18
2014-06-06,CALAMARI,0
2014-06-06,FISCH,9
2014-06-06,GARNELEN,10
2014-06-06,HAEHNCHEN,32
2014-06-06,KOEFTE,27
2014-06-06,LAMM,32
2014-06-06,STEAK,16
2014-06-07,CALAMARI,6
2014-06-07,FISCH,5
2014-06-07,GARNELEN,8
2014-06-07,HAEHNCHEN,25
2014-06-07,KOEFTE,20
2014-06-07,LAMM,33
2014-06-07,STEAK,17
2014-06-08,CALAMARI,4
2014-06-08,FISCH,5
2014-06-08,GARNELEN,8
2014-06-08,HAEHNCHEN,7
2014-06-08,KOEFTE,11
2014-06-08,LAMM,17
2014-06-08,STEAK,6
2014-06-09,CALAMARI,3
2014-06-09,FISCH,0
2014-06-09,GARNELEN,5
2014-06-09,HAEHNCHEN,8
2014-06-09,KOEFTE,9
2014-06-09,LAMM,11
2014-06-09,STEAK,9
2014-06-10,CALAMARI,3
2014-06-10,FISCH,1
2014-06-10,GARNELEN,8
2014-06-10,HAEHNCHEN,19
2014-06-10,KOEFTE,13
2014-06-10,LAMM,15
2014-06-10,STEAK,15
2014-06-11,CALAMARI,2
2014-06-11,FISCH,4
2014-06-11,GARNELEN,9
2014-06-11,HAEHNCHEN,26
2014-06-11,KOEFTE,8
2014-06-11,LAMM,27
2014-06-11,STEAK,23
2014-06-12,CALAMARI,3
2014-06-12,FISCH,2
2014-06-12,GARNELEN,8
2014-06-12,HAEHNCHEN,24
2014-06-12,KOEFTE,23
2014-06-12,LAMM,23
2014-06-12,STEAK,11
2014-06-13,CALAMARI,5
2014-06-13,FISCH,4
2014-06-13,GARNELEN,15
2014-06-13,HAEHNCHEN,31
2014-06-13,KOEFTE,17
2014-06-13,LAMM,32
2014-06-13,STEAK,22
2014-06-14,CALAMARI,9
2014-06-14,FISCH,4
2014-06-14,GARNELEN,12
2014-06-14,HAEHNCHEN,37
2014-06-14,KOEFTE,22
2014-06-14,LAMM,22
2014-06-14,STEAK,27
2014-06-15,CALAMARI,1
2014-06-15,FISCH,1
2014-06-15,GARNELEN,4
2014-06-15,HAEHNCHEN,9
2014-06-15,KOEFTE,10
2014-06-15,LAMM,10
2014-06-15,STEAK,11
2014-06-16,CALAMARI,1
2014-06-16,FISCH,7
2014-06-16,GARNELEN,4
2014-06-16,HAEHNCHEN,26
2014-06-16,KOEFTE,19
2014-06-16,LAMM,20
2014-06-16,STEAK,21
2014-06-17,CALAMARI,2
2014-06-17,FISCH,4
2014-06-17,GARNELEN,8
2014-06-17,HAEHNCHEN,27
2014-06-17,KOEFTE,22
2014-06-17,LAMM,17
2014-06-17,STEAK,22
2014-06-18,CALAMARI,5
2014-06-18,FISCH,5
2014-06-18,GARNELEN,11
2014-06-18,HAEHNCHEN,27
2014-06-18,KOEFTE,24
2014-06-18,LAMM,24
2014-06-18,STEAK,24
2014-06-19,CALAMARI,5
2014-06-19,FISCH,8
2014-06-19,GARNELEN,1
2014-06-19,HAEHNCHEN,29
2014-06-19,KOEFTE,16
2014-06-19,LAMM,17
2014-06-19,STEAK,16
2014-06-20,CALAMARI,1
2014-06-20,FISCH,5
2014-06-20,GARNELEN,10
2014-06-20,HAEHNCHEN,29
2014-06-20,KOEFTE,33
2014-06-20,LAMM,34
2014-06-20,STEAK,22
2014-06-21,CALAMARI,6
2014-06-21,FISCH,5
2014-06-21,GARNELEN,14
2014-06-21,HAEHNCHEN,48
2014-06-21,KOEFTE,25
2014-06-21,LAMM,25
2014-06-21,STEAK,27
2014-06-22,CALAMARI,2
2014-06-22,FISCH,3
2014-06-22,GARNELEN,5
2014-06-22,HAEHNCHEN,11
2014-06-22,KOEFTE,8
2014-06-22,LAMM,21
2014-06-22,STEAK,16
2014-06-23,CALAMARI,2
2014-06-23,FISCH,4
2014-06-23,GARNELEN,7
2014-06-23,HAEHNCHEN,25
2014-06-23,KOEFTE,15
2014-06-23,LAMM,23
2014-06-23,STEAK,19
2014-06-24,CALAMARI,4
2014-06-24,FISCH,1
2014-06-24,GARNELEN,7
2014-06-24,HAEHNCHEN,18
2014-06-24,KOEFTE,26
2014-06-24,LAMM,19
2014-06-24,STEAK,20
2014-06-25,CALAMARI,11
2014-06-25,FISCH,11
2014-06-25,GARNELEN,11
2014-06-25,HAEHNCHEN,24
2014-06-25,KOEFTE,18
2014-06-25,LAMM,24
2014-06-25,STEAK,22
2014-06-26,CALAMARI,6
2014-06-26,FISCH,6
2014-06-26,GARNELEN,17
2014-06-26,HAEHNCHEN,46
2014-06-26,KOEFTE,41
2014-06-26,LAMM,30
2014-06-26,STEAK,28
2014-06-27,CALAMARI,7
2014-06-27,FISCH,6
2014-06-27,GARNELEN,10
2014-06-27,HAEHNCHEN,33
2014-06-27,KOEFTE,27
2014-06-27,LAMM,34
2014-06-27,STEAK,21
2014-06-28,CALAMARI,9
2014-06-28,FISCH,4
2014-06-28,GARNELEN,21
2014-06-28,HAEHNCHEN,41
2014-06-28,KOEFTE,25
2014-06-28,LAMM,32
2014-06-28,STEAK,44
2014-06-29,CALAMARI,2
2014-06-29,FISCH,2
2014-06-29,GARNELEN,7
2014-06-29,HAEHNCHEN,25
2014-06-29,KOEFTE,18
2014-06-29,LAMM,23
2014-06-29,STEAK,24
2014-06-30,CALAMARI,4
2014-06-30,FISCH,2
2014-06-30,GARNELEN,9
2014-06-30,HAEHNCHEN,25
2014-06-30,KOEFTE,18
2014-06-30,LAMM,19
2014-06-30,STEAK,26
2014-07-01,CALAMARI,3
2014-07-01,FISCH,3
2014-07-01,GARNELEN,15
2014-07-01,HAEHNCHEN,17
2014-07-01,KOEFTE,13
2014-07-01,LAMM,39
2014-07-01,STEAK,17
2014-07-02,CALAMARI,3
2014-07-02,FISCH,2
2014-07-02,GARNELEN,6
2014-07-02,HAEHNCHEN,22
2014-07-02,KOEFTE,17
2014-07-02,LAMM,21
2014-07-02,STEAK,20
2014-07-03,CALAMARI,3
2014-07-03,FISCH,2
2014-07-03,GARNELEN,7
2014-07-03,HAEHNCHEN,23
2014-07-03,KOEFTE,17
2014-07-03,LAMM,20
2014-07-03,STEAK,11
2014-07-04,CALAMARI,8
2014-07-04,FISCH,6
2014-07-04,GARNELEN,11
2014-07-04,HAEHNCHEN,57
2014-07-04,KOEFTE,17
2014-07-04,LAMM,30
2014-07-04,STEAK,24
2014-07-05,CALAMARI,14
2014-07-05,FISCH,3
2014-07-05,GARNELEN,15
2014-07-05,HAEHNCHEN,51
2014-07-05,KOEFTE,37
2014-07-05,LAMM,20
2014-07-05,STEAK,27
2014-07-06,CALAMARI,1
2014-07-06,FISCH,0
2014-07-06,GARNELEN,2
2014-07-06,HAEHNCHEN,11
2014-07-06,KOEFTE,15
2014-07-06,LAMM,13
2014-07-06,STEAK,20
2014-07-07,CALAMARI,3
2014-07-07,FISCH,7
2014-07-07,GARNELEN,14
2014-07-07,HAEHNCHEN,30
2014-07-07,KOEFTE,17
2014-07-07,LAMM,22
2014-07-07,STEAK,17
2014-07-08,CALAMARI,5
2014-07-08,FISCH,4
2014-07-08,GARNELEN,8
2014-07-08,HAEHNCHEN,28
2014-07-08,KOEFTE,19
2014-07-08,LAMM,46
2014-07-08,STEAK,24
2014-07-09,CALAMARI,8
2014-07-09,FISCH,5
2014-07-09,GARNELEN,11
2014-07-09,HAEHNCHEN,17
2014-07-09,KOEFTE,17
2014-07-09,LAMM,22
2014-07-09,STEAK,17
2014-07-10,CALAMARI,4
2014-07-10,FISCH,7
2014-07-10,GARNELEN,11
2014-07-10,HAEHNCHEN,26
2014-07-10,KOEFTE,20
2014-07-10,LAMM,37
2014-07-10,STEAK,28
2014-07-11,CALAMARI,7
2014-07-11,FISCH,7
2014-07-11,GARNELEN,22
2014-07-11,HAEHNCHEN,26
2014-07-11,KOEFTE,22
2014-07-11,LAMM,37
2014-07-11,STEAK,28
2014-07-12,CALAMARI,6
2014-07-12,FISCH,8
2014-07-12,GARNELEN,14
2014-07-12,HAEHNCHEN,52
2014-07-12,KOEFTE,29
2014-07-12,LAMM,36
2014-07-12,STEAK,31
2014-07-13,CALAMARI,4
2014-07-13,FISCH,5
2014-07-13,GARNELEN,10
2014-07-13,HAEHNCHEN,42
2014-07-13,KOEFTE,27
2014-07-13,LAMM,30
2014-07-13,STEAK,29
2014-07-14,CALAMARI,2
2014-07-14,FISCH,7
2014-07-14,GARNELEN,13
2014-07-14,HAEHNCHEN,28
2014-07-14,KOEFTE,18
2014-07-14,LAMM,21
2014-07-14,STEAK,14
2014-07-15,CALAMARI,5
2014-07-15,FISCH,2
2014-07-15,GARNELEN,4
2014-07-15,HAEHNCHEN,15
2014-07-15,KOEFTE,17
2014-07-15,LAMM,14
2014-07-15,STEAK,15
2014-07-16,CALAMARI,2
2014-07-16,FISCH,7
2014-07-16,GARNELEN,5
2014-07-16,HAEHNCHEN,26
2014-07-16,KOEFTE,16
2014-07-16,LAMM,29
2014-07-16,STEAK,21
2014-07-17,CALAMARI,6
2014-07-17,FISCH,1
2014-07-17,GARNELEN,15
2014-07-17,HAEHNCHEN,32
2014-07-17,KOEFTE,13
2014-07-17,LAMM,31
2014-07-17,STEAK,22
2014-07-18,CALAMARI,4
2014-07-18,FISCH,4
2014-07-18,GARNELEN,7
2014-07-18,HAEHNCHEN,20
2014-07-18,KOEFTE,20
2014-07-18,LAMM,22
2014-07-18,STEAK,25
2014-07-19,CALAMARI,1
2014-07-19,FISCH,2
2014-07-19,GARNELEN,8
2014-07-19,HAEHNCHEN,32
2014-07-19,KOEFTE,16
2014-07-19,LAMM,35
2014-07-19,STEAK,30
2014-07-20,CALAMARI,1
2014-07-20,FISCH,2
2014-07-20,GARNELEN,7
2014-07-20,HAEHNCHEN,15
2014-07-20,KOEFTE,12
2014-07-20,LAMM,30
2014-07-20,STEAK,21
2014-07-21,CALAMARI,9
2014-07-21,FISCH,4
2014-07-21,GARNELEN,13
2014-07-21,HAEHNCHEN,22
2014-07-21,KOEFTE,15
2014-07-21,LAMM,27
2014-07-21,STEAK,22
2014-07-22,CALAMARI,1
2014-07-22,FISCH,4
2014-07-22,GARNELEN,6
2014-07-22,HAEHNCHEN,28
2014-07-22,KOEFTE,27
2014-07-22,LAMM,31
2014-07-22,STEAK,33
2014-07-23,CALAMARI,4
2014-07-23,FISCH,11
2014-07-23,GARNELEN,15
2014-07-23,HAEHNCHEN,27
2014-07-23,KOEFTE,23
2014-07-23,LAMM,23
2014-07-23,STEAK,12
2014-07-24,CALAMARI,4
2014-07-24,FISCH,5
2014-07-24,GARNELEN,8
2014-07-24,HAEHNCHEN,19
2014-07-24,KOEFTE,25
2014-07-24,LAMM,20
2014-07-24,STEAK,17
2014-07-25,CALAMARI,5
2014-07-25,FISCH,5
2014-07-25,GARNELEN,15
2014-07-25,HAEHNCHEN,31
2014-07-25,KOEFTE,21
2014-07-25,LAMM,30
2014-07-25,STEAK,24
2014-07-26,CALAMARI,7
2014-07-26,FISCH,5
2014-07-26,GARNELEN,11
2014-07-26,HAEHNCHEN,44
2014-07-26,KOEFTE,27
2014-07-26,LAMM,47
2014-07-26,STEAK,32
2014-07-27,CALAMARI,7
2014-07-27,FISCH,3
2014-07-27,GARNELEN,10
2014-07-27,HAEHNCHEN,18
2014-07-27,KOEFTE,18
2014-07-27,LAMM,25
2014-07-27,STEAK,14
2014-07-28,CALAMARI,1
2014-07-28,FISCH,7
2014-07-28,GARNELEN,19
2014-07-28,HAEHNCHEN,35
2014-07-28,KOEFTE,30
2014-07-28,LAMM,32
2014-07-28,STEAK,9
2014-07-29,CALAMARI,2
2014-07-29,FISCH,6
2014-07-29,GARNELEN,5
2014-07-29,HAEHNCHEN,37
2014-07-29,KOEFTE,17
2014-07-29,LAMM,25
2014-07-29,STEAK,17
2014-07-30,CALAMARI,7
2014-07-30,FISCH,2
2014-07-30,GARNELEN,15
2014-07-30,HAEHNCHEN,41
2014-07-30,KOEFTE,26
2014-07-30,LAMM,44
2014-07-30,STEAK,29
2014-07-31,CALAMARI,3
2014-07-31,FISCH,2
2014-07-31,GARNELEN,17
2014-07-31,HAEHNCHEN,21
2014-07-31,KOEFTE,25
2014-07-31,LAMM,20
2014-07-31,STEAK,18
2014-08-01,CALAMARI,8
2014-08-01,FISCH,9
2014-08-01,GARNELEN,12
2014-08-01,HAEHNCHEN,26
2014-08-01,KOEFTE,24
2014-08-01,LAMM,31
2014-08-01,STEAK,17
2014-08-02,CALAMARI,5
2014-08-02,FISCH,4
2014-08-02,GARNELEN,11
2014-08-02,HAEHNCHEN,38
2014-08-02,KOEFTE,22
2014-08-02,LAMM,40
2014-08-02,STEAK,19
2014-08-03,CALAMARI,4
2014-08-03,FISCH,6
2014-08-03,GARNELEN,8
2014-08-03,HAEHNCHEN,25
2014-08-03,KOEFTE,18
2014-08-03,LAMM,18
2014-08-03,STEAK,15
2014-08-04,CALAMARI,6
2014-08-04,FISCH,7
2014-08-04,GARNELEN,7
2014-08-04,HAEHNCHEN,25
2014-08-04,KOEFTE,15
2014-08-04,LAMM,29
2014-08-04,STEAK,19
2014-08-05,CALAMARI,4
2014-08-05,FISCH,5
2014-08-05,GARNELEN,14
2014-08-05,HAEHNCHEN,28
2014-08-05,KOEFTE,33
2014-08-05,LAMM,35
2014-08-05,STEAK,28
2014-08-06,CALAMARI,8
2014-08-06,FISCH,2
2014-08-06,GARNELEN,8
2014-08-06,HAEHNCHEN,38
2014-08-06,KOEFTE,26
2014-08-06,LAMM,38
2014-08-06,STEAK,26
2014-08-07,CALAMARI,3
2014-08-07,FISCH,10
2014-08-07,GARNELEN,5
2014-08-07,HAEHNCHEN,17
2014-08-07,KOEFTE,29
2014-08-07,LAMM,40
2014-08-07,STEAK,25
2014-08-08,CALAMARI,8
2014-08-08,FISCH,2
2014-08-08,GARNELEN,13
2014-08-08,HAEHNCHEN,40
2014-08-08,KOEFTE,24
2014-08-08,LAMM,38
2014-08-08,STEAK,20
2014-08-09,CALAMARI,6
2014-08-09,FISCH,5
2014-08-09,GARNELEN,9
2014-08-09,HAEHNCHEN,46
2014-08-09,KOEFTE,32
2014-08-09,LAMM,46
2014-08-09,STEAK,28
2014-08-10,CALAMARI,3
2014-08-10,FISCH,5
2014-08-10,GARNELEN,3
2014-08-10,HAEHNCHEN,19
2014-08-10,KOEFTE,16
2014-08-10,LAMM,19
2014-08-10,STEAK,20
2014-08-11,CALAMARI,4
2014-08-11,FISCH,1
2014-08-11,GARNELEN,13
2014-08-11,HAEHNCHEN,33
2014-08-11,KOEFTE,21
2014-08-11,LAMM,26
2014-08-11,STEAK,13
2014-08-12,CALAMARI,2
2014-08-12,FISCH,2
2014-08-12,GARNELEN,9
2014-08-12,HAEHNCHEN,24
2014-08-12,KOEFTE,27
2014-08-12,LAMM,47
2014-08-12,STEAK,20
2014-08-13,CALAMARI,3
2014-08-13,FISCH,7
2014-08-13,GARNELEN,9
2014-08-13,HAEHNCHEN,34
2014-08-13,KOEFTE,24
2014-08-13,LAMM,21
2014-08-13,STEAK,20
2014-08-14,CALAMARI,3
2014-08-14,FISCH,3
2014-08-14,GARNELEN,9
2014-08-14,HAEHNCHEN,25
2014-08-14,KOEFTE,16
2014-08-14,LAMM,30
2014-08-14,STEAK,24
2014-08-15,CALAMARI,2
2014-08-15,FISCH,5
2014-08-15,GARNELEN,7
2014-08-15,HAEHNCHEN,26
2014-08-15,KOEFTE,36
2014-08-15,LAMM,43
2014-08-15,STEAK,32
2014-08-16,CALAMARI,6
2014-08-16,FISCH,6
2014-08-16,GARNELEN,4
2014-08-16,HAEHNCHEN,47
2014-08-16,KOEFTE,33
2014-08-16,LAMM,45
2014-08-16,STEAK,32
2014-08-17,CALAMARI,3
2014-08-17,FISCH,6
2014-08-17,GARNELEN,7
2014-08-17,HAEHNCHEN,23
2014-08-17,KOEFTE,22
2014-08-17,LAMM,28
2014-08-17,STEAK,1
2014-08-18,CALAMARI,4
2014-08-18,FISCH,3
2014-08-18,GARNELEN,8
2014-08-18,HAEHNCHEN,20
2014-08-18,KOEFTE,17
2014-08-18,LAMM,24
2014-08-18,STEAK,15
2014-08-19,CALAMARI,6
2014-08-19,FISCH,4
2014-08-19,GARNELEN,7
2014-08-19,HAEHNCHEN,22
2014-08-19,KOEFTE,15
2014-08-19,LAMM,47
2014-08-19,STEAK,22
2014-08-20,CALAMARI,7
2014-08-20,FISCH,7
2014-08-20,GARNELEN,14
2014-08-20,HAEHNCHEN,41
2014-08-20,KOEFTE,33
2014-08-20,LAMM,27
2014-08-20,STEAK,24
2014-08-21,CALAMARI,4
2014-08-21,FISCH,7
2014-08-21,GARNELEN,15
2014-08-21,HAEHNCHEN,31
2014-08-21,KOEFTE,29
2014-08-21,LAMM,34
2014-08-21,STEAK,21
2014-08-22,CALAMARI,4
2014-08-22,FISCH,4
2014-08-22,GARNELEN,14
2014-08-22,HAEHNCHEN,19
2014-08-22,KOEFTE,26
2014-08-22,LAMM,24
2014-08-22,STEAK,18
2014-08-23,CALAMARI,8
2014-08-23,FISCH,6
2014-08-23,GARNELEN,17
2014-08-23,HAEHNCHEN,57
2014-08-23,KOEFTE,43
2014-08-23,LAMM,54
2014-08-23,STEAK,34
2014-08-24,CALAMARI,1
2014-08-24,FISCH,1
2014-08-24,GARNELEN,5
2014-08-24,HAEHNCHEN,19
2014-08-24,KOEFTE,10
2014-08-24,LAMM,20
2014-08-24,STEAK,7
2014-08-25,CALAMARI,3
2014-08-25,FISCH,5
2014-08-25,GARNELEN,8
2014-08-25,HAEHNCHEN,22
2014-08-25,KOEFTE,15
2014-08-25,LAMM,31
2014-08-25,STEAK,24
2014-08-26,CALAMARI,5
2014-08-26,FISCH,8
2014-08-26,GARNELEN,3
2014-08-26,HAEHNCHEN,32
2014-08-26,KOEFTE,21
2014-08-26,LAMM,25
2014-08-26,STEAK,22
2014-08-27,CALAMARI,8
2014-08-27,FISCH,10
2014-08-27,GARNELEN,5
2014-08-27,HAEHNCHEN,23
2014-08-27,KOEFTE,25
2014-08-27,LAMM,30
2014-08-27,STEAK,21
2014-08-28,CALAMARI,1
2014-08-28,FISCH,6
2014-08-28,GARNELEN,10
2014-08-28,HAEHNCHEN,22
2014-08-28,KOEFTE,21
2014-08-28,LAMM,19
2014-08-28,STEAK,28
2014-08-29,CALAMARI,6
2014-08-29,FISCH,3
2014-08-29,GARNELEN,10
2014-08-29,HAEHNCHEN,36
2014-08-29,KOEFTE,38
2014-08-29,LAMM,47
2014-08-29,STEAK,25
2014-08-30,CALAMARI,3
2014-08-30,FISCH,2
2014-08-30,GARNELEN,12
2014-08-30,HAEHNCHEN,40
2014-08-30,KOEFTE,21
2014-08-30,LAMM,43
2014-08-30,STEAK,23
2014-08-31,CALAMARI,2
2014-08-31,FISCH,8
2014-08-31,GARNELEN,6
2014-08-31,HAEHNCHEN,11
2014-08-31,KOEFTE,4
2014-08-31,LAMM,13
2014-08-31,STEAK,11
2014-09-01,CALAMARI,1
2014-09-01,FISCH,0
2014-09-01,GARNELEN,10
2014-09-01,HAEHNCHEN,26
2014-09-01,KOEFTE,27
2014-09-01,LAMM,25
2014-09-01,STEAK,14
2014-09-02,CALAMARI,3
2014-09-02,FISCH,3
2014-09-02,GARNELEN,11
2014-09-02,HAEHNCHEN,32
2014-09-02,KOEFTE,26
2014-09-02,LAMM,40
2014-09-02,STEAK,21
2014-09-03,CALAMARI,3
2014-09-03,FISCH,4
2014-09-03,GARNELEN,10
2014-09-03,HAEHNCHEN,17
2014-09-03,KOEFTE,24
2014-09-03,LAMM,31
2014-09-03,STEAK,11
2014-09-04,CALAMARI,6
2014-09-04,FISCH,4
2014-09-04,GARNELEN,9
2014-09-04,HAEHNCHEN,28
2014-09-04,KOEFTE,32
2014-09-04,LAMM,30
2014-09-04,STEAK,21
2014-09-05,CALAMARI,4
2014-09-05,FISCH,3
2014-09-05,GARNELEN,9
2014-09-05,HAEHNCHEN,32
2014-09-05,KOEFTE,24
2014-09-05,LAMM,24
2014-09-05,STEAK,19
2014-09-06,CALAMARI,2
2014-09-06,FISCH,4
2014-09-06,GARNELEN,6
2014-09-06,HAEHNCHEN,27
2014-09-06,KOEFTE,24
2014-09-06,LAMM,29
2014-09-06,STEAK,16
2014-09-07,CALAMARI,6
2014-09-07,FISCH,3
2014-09-07,GARNELEN,4
2014-09-07,HAEHNCHEN,16
2014-09-07,KOEFTE,12
2014-09-07,LAMM,17
2014-09-07,STEAK,22
2014-09-08,CALAMARI,3
2014-09-08,FISCH,5
2014-09-08,GARNELEN,9
2014-09-08,HAEHNCHEN,29
2014-09-08,KOEFTE,23
2014-09-08,LAMM,21
2014-09-08,STEAK,20
2014-09-09,CALAMARI,2
2014-09-09,FISCH,9
2014-09-09,GARNELEN,8
2014-09-09,HAEHNCHEN,28
2014-09-09,KOEFTE,17
2014-09-09,LAMM,34
2014-09-09,STEAK,10
2014-09-10,CALAMARI,4
2014-09-10,FISCH,6
2014-09-10,GARNELEN,22
2014-09-10,HAEHNCHEN,36
2014-09-10,KOEFTE,30
2014-09-10,LAMM,32
2014-09-10,STEAK,31
2014-09-11,CALAMARI,4
2014-09-11,FISCH,8
2014-09-11,GARNELEN,6
2014-09-11,HAEHNCHEN,30
2014-09-11,KOEFTE,23
2014-09-11,LAMM,25
2014-09-11,STEAK,13
2014-09-12,CALAMARI,1
2014-09-12,FISCH,4
2014-09-12,GARNELEN,5
2014-09-12,HAEHNCHEN,19
2014-09-12,KOEFTE,25
2014-09-12,LAMM,40
2014-09-12,STEAK,19
2014-09-13,CALAMARI,4
2014-09-13,FISCH,6
2014-09-13,GARNELEN,17
2014-09-13,HAEHNCHEN,45
2014-09-13,KOEFTE,28
2014-09-13,LAMM,52
2014-09-13,STEAK,28
2014-09-14,CALAMARI,3
2014-09-14,FISCH,8
2014-09-14,GARNELEN,10
2014-09-14,HAEHNCHEN,13
2014-09-14,KOEFTE,12
2014-09-14,LAMM,16
2014-09-14,STEAK,14
2014-09-15,CALAMARI,2
2014-09-15,FISCH,2
2014-09-15,GARNELEN,9
2014-09-15,HAEHNCHEN,22
2014-09-15,KOEFTE,10
2014-09-15,LAMM,14
2014-09-15,STEAK,20
2014-09-16,CALAMARI,5
2014-09-16,FISCH,4
2014-09-16,GARNELEN,13
2014-09-16,HAEHNCHEN,26
2014-09-16,KOEFTE,20
2014-09-16,LAMM,14
2014-09-16,STEAK,9
2014-09-17,CALAMARI,2
2014-09-17,FISCH,5
2014-09-17,GARNELEN,9
2014-09-17,HAEHNCHEN,28
2014-09-17,KOEFTE,20
2014-09-17,LAMM,22
2014-09-17,STEAK,20
2014-09-18,CALAMARI,9
2014-09-18,FISCH,0
2014-09-18,GARNELEN,8
2014-09-18,HAEHNCHEN,37
2014-09-18,KOEFTE,20
2014-09-18,LAMM,27
2014-09-18,STEAK,16
2014-09-19,CALAMARI,3
2014-09-19,FISCH,3
2014-09-19,GARNELEN,14
2014-09-19,HAEHNCHEN,40
2014-09-19,KOEFTE,29
2014-09-19,LAMM,30
2014-09-19,STEAK,25
2014-09-20,CALAMARI,8
2014-09-20,FISCH,3
2014-09-20,GARNELEN,8
2014-09-20,HAEHNCHEN,43
2014-09-20,KOEFTE,25
2014-09-20,LAMM,43
2014-09-20,STEAK,28
2014-09-21,CALAMARI,3
2014-09-21,FISCH,1
2014-09-21,GARNELEN,2
2014-09-21,HAEHNCHEN,16
2014-09-21,KOEFTE,7
2014-09-21,LAMM,11
2014-09-21,STEAK,19
2014-09-22,CALAMARI,7
2014-09-22,FISCH,6
2014-09-22,GARNELEN,8
2014-09-22,HAEHNCHEN,26
2014-09-22,KOEFTE,13
2014-09-22,LAMM,20
2014-09-22,STEAK,11
2014-09-23,CALAMARI,3
2014-09-23,FISCH,0
2014-09-23,GARNELEN,11
2014-09-23,HAEHNCHEN,24
2014-09-23,KOEFTE,23
2014-09-23,LAMM,22
2014-09-23,STEAK,18
2014-09-24,CALAMARI,2
2014-09-24,FISCH,6
2014-09-24,GARNELEN,6
2014-09-24,HAEHNCHEN,34
2014-09-24,KOEFTE,23
2014-09-24,LAMM,32
2014-09-24,STEAK,21
2014-09-25,CALAMARI,4
2014-09-25,FISCH,5
2014-09-25,GARNELEN,11
2014-09-25,HAEHNCHEN,32
2014-09-25,KOEFTE,23
2014-09-25,LAMM,32
2014-09-25,STEAK,16
2014-09-26,CALAMARI,5
2014-09-26,FISCH,4
2014-09-26,GARNELEN,14
2014-09-26,HAEHNCHEN,37
2014-09-26,KOEFTE,33
2014-09-26,LAMM,36
2014-09-26,STEAK,23
2014-09-27,CALAMARI,8
2014-09-27,FISCH,4
2014-09-27,GARNELEN,10
2014-09-27,HAEHNCHEN,27
2014-09-27,KOEFTE,30
2014-09-27,LAMM,29
2014-09-27,STEAK,22
2014-09-28,CALAMARI,1
2014-09-28,FISCH,3
2014-09-28,GARNELEN,5
2014-09-28,HAEHNCHEN,14
2014-09-28,KOEFTE,17
2014-09-28,LAMM,12
2014-09-28,STEAK,14
2014-09-29,CALAMARI,0
2014-09-29,FISCH,5
2014-09-29,GARNELEN,17
2014-09-29,HAEHNCHEN,18
2014-09-29,KOEFTE,30
2014-09-29,LAMM,25
2014-09-29,STEAK,17
2014-09-30,CALAMARI,2
2014-09-30,FISCH,5
2014-09-30,GARNELEN,5
2014-09-30,HAEHNCHEN,20
2014-09-30,KOEFTE,29
2014-09-30,LAMM,26
2014-09-30,STEAK,20
2014-10-01,CALAMARI,2
2014-10-01,FISCH,5
2014-10-01,GARNELEN,8
2014-10-01,HAEHNCHEN,35
2014-10-01,KOEFTE,16
2014-10-01,LAMM,18
2014-10-01,STEAK,17
2014-10-02,CALAMARI,5
2014-10-02,FISCH,5
2014-10-02,GARNELEN,7
2014-10-02,HAEHNCHEN,39
2014-10-02,KOEFTE,30
2014-10-02,LAMM,30
2014-10-02,STEAK,16
2014-10-03,CALAMARI,3
2014-10-03,FISCH,5
2014-10-03,GARNELEN,9
2014-10-03,HAEHNCHEN,30
2014-10-03,KOEFTE,16
2014-10-03,LAMM,33
2014-10-03,STEAK,25
2014-10-04,CALAMARI,5
2014-10-04,FISCH,1
2014-10-04,GARNELEN,15
2014-10-04,HAEHNCHEN,35
2014-10-04,KOEFTE,20
2014-10-04,LAMM,38
2014-10-04,STEAK,26
2014-10-05,CALAMARI,0
2014-10-05,FISCH,1
2014-10-05,GARNELEN,4
2014-10-05,HAEHNCHEN,18
2014-10-05,KOEFTE,20
2014-10-05,LAMM,17
2014-10-05,STEAK,12
2014-10-06,CALAMARI,7
2014-10-06,FISCH,3
2014-10-06,GARNELEN,10
2014-10-06,HAEHNCHEN,22
2014-10-06,KOEFTE,21
2014-10-06,LAMM,17
2014-10-06,STEAK,19
2014-10-07,CALAMARI,3
2014-10-07,FISCH,8
2014-10-07,GARNELEN,8
2014-10-07,HAEHNCHEN,24
2014-10-07,KOEFTE,9
2014-10-07,LAMM,26
2014-10-07,STEAK,20
2014-10-08,CALAMARI,4
2014-10-08,FISCH,2
2014-10-08,GARNELEN,3
2014-10-08,HAEHNCHEN,20
2014-10-08,KOEFTE,18
2014-10-08,LAMM,25
2014-10-08,STEAK,17
2014-10-09,CALAMARI,3
2014-10-09,FISCH,7
2014-10-09,GARNELEN,3
2014-10-09,HAEHNCHEN,32
2014-10-09,KOEFTE,28
2014-10-09,LAMM,24
2014-10-09,STEAK,11
2014-10-10,CALAMARI,4
2014-10-10,FISCH,6
2014-10-10,GARNELEN,11
2014-10-10,HAEHNCHEN,30
2014-10-10,KOEFTE,23
2014-10-10,LAMM,33
2014-10-10,STEAK,14
2014-10-11,CALAMARI,4
2014-10-11,FISCH,6
2014-10-11,GARNELEN,12
2014-10-11,HAEHNCHEN,46
2014-10-11,KOEFTE,41
2014-10-11,LAMM,49
2014-10-11,STEAK,32
2014-10-12,CALAMARI,2
2014-10-12,FISCH,6
2014-10-12,GARNELEN,3
2014-10-12,HAEHNCHEN,23
2014-10-12,KOEFTE,18
2014-10-12,LAMM,25
2014-10-12,STEAK,18
2014-10-13,CALAMARI,2
2014-10-13,FISCH,3
2014-10-13,GARNELEN,5
2014-10-13,HAEHNCHEN,14
2014-10-13,KOEFTE,20
2014-10-13,LAMM,13
2014-10-13,STEAK,7
2014-10-14,CALAMARI,2
2014-10-14,FISCH,6
2014-10-14,GARNELEN,9
2014-10-14,HAEHNCHEN,18
2014-10-14,KOEFTE,12
2014-10-14,LAMM,16
2014-10-14,STEAK,13
2014-10-15,CALAMARI,1
2014-10-15,FISCH,3
2014-10-15,GARNELEN,1
2014-10-15,HAEHNCHEN,18
2014-10-15,KOEFTE,11
2014-10-15,LAMM,12
2014-10-15,STEAK,9
2014-10-16,CALAMARI,3
2014-10-16,FISCH,2
2014-10-16,GARNELEN,8
2014-10-16,HAEHNCHEN,29
2014-10-16,KOEFTE,22
2014-10-16,LAMM,27
2014-10-16,STEAK,25
2014-10-17,CALAMARI,8
2014-10-17,FISCH,3
2014-10-17,GARNELEN,16
2014-10-17,HAEHNCHEN,26
2014-10-17,KOEFTE,17
2014-10-17,LAMM,26
2014-10-17,STEAK,20
2014-10-18,CALAMARI,4
2014-10-18,FISCH,4
2014-10-18,GARNELEN,15
2014-10-18,HAEHNCHEN,36
2014-10-18,KOEFTE,33
2014-10-18,LAMM,52
2014-10-18,STEAK,36
2014-10-19,CALAMARI,4
2014-10-19,FISCH,4
2014-10-19,GARNELEN,4
2014-10-19,HAEHNCHEN,19
2014-10-19,KOEFTE,16
2014-10-19,LAMM,16
2014-10-19,STEAK,15
2014-10-20,CALAMARI,6
2014-10-20,FISCH,4
2014-10-20,GARNELEN,5
2014-10-20,HAEHNCHEN,20
2014-10-20,KOEFTE,20
2014-10-20,LAMM,31
2014-10-20,STEAK,25
2014-10-21,CALAMARI,3
2014-10-21,FISCH,6
2014-10-21,GARNELEN,8
2014-10-21,HAEHNCHEN,24
2014-10-21,KOEFTE,25
2014-10-21,LAMM,14
2014-10-21,STEAK,12
2014-10-22,CALAMARI,2
2014-10-22,FISCH,4
2014-10-22,GARNELEN,3
2014-10-22,HAEHNCHEN,25
2014-10-22,KOEFTE,17
2014-10-22,LAMM,30
2014-10-22,STEAK,18
2014-10-23,CALAMARI,2
2014-10-23,FISCH,1
2014-10-23,GARNELEN,3
2014-10-23,HAEHNCHEN,17
2014-10-23,KOEFTE,17
2014-10-23,LAMM,28
2014-10-23,STEAK,21
2014-10-24,CALAMARI,3
2014-10-24,FISCH,7
2014-10-24,GARNELEN,10
2014-10-24,HAEHNCHEN,39
2014-10-24,KOEFTE,30
2014-10-24,LAMM,39
2014-10-24,STEAK,29
2014-10-25,CALAMARI,8
2014-10-25,FISCH,2
2014-10-25,GARNELEN,14
2014-10-25,HAEHNCHEN,37
2014-10-25,KOEFTE,47
2014-10-25,LAMM,48
2014-10-25,STEAK,49
2014-10-26,CALAMARI,5
2014-10-26,FISCH,2
2014-10-26,GARNELEN,6
2014-10-26,HAEHNCHEN,11
2014-10-26,KOEFTE,20
2014-10-26,LAMM,12
2014-10-26,STEAK,16
2014-10-27,CALAMARI,4
2014-10-27,FISCH,5
2014-10-27,GARNELEN,8
2014-10-27,HAEHNCHEN,9
2014-10-27,KOEFTE,12
2014-10-27,LAMM,11
2014-10-27,STEAK,14
2014-10-28,CALAMARI,4
2014-10-28,FISCH,4
2014-10-28,GARNELEN,5
2014-10-28,HAEHNCHEN,42
2014-10-28,KOEFTE,23
2014-10-28,LAMM,29
2014-10-28,STEAK,18
2014-10-29,CALAMARI,2
2014-10-29,FISCH,2
2014-10-29,GARNELEN,4
2014-10-29,HAEHNCHEN,17
2014-10-29,KOEFTE,20
2014-10-29,LAMM,22
2014-10-29,STEAK,12
2014-10-30,CALAMARI,4
2014-10-30,FISCH,2
2014-10-30,GARNELEN,10
2014-10-30,HAEHNCHEN,36
2014-10-30,KOEFTE,32
2014-10-30,LAMM,25
2014-10-30,STEAK,19
2014-10-31,CALAMARI,6
2014-10-31,FISCH,7
2014-10-31,GARNELEN,6
2014-10-31,HAEHNCHEN,37
2014-10-31,KOEFTE,27
2014-10-31,LAMM,46
2014-10-31,STEAK,24
2014-11-01,CALAMARI,5
2014-11-01,FISCH,3
2014-11-01,GARNELEN,11
2014-11-01,HAEHNCHEN,52
2014-11-01,KOEFTE,34
2014-11-01,LAMM,40
2014-11-01,STEAK,32
2014-11-02,CALAMARI,1
2014-11-02,FISCH,3
2014-11-02,GARNELEN,4
2014-11-02,HAEHNCHEN,19
2014-11-02,KOEFTE,9
2014-11-02,LAMM,33
2014-11-02,STEAK,13
2014-11-03,CALAMARI,1
2014-11-03,FISCH,5
2014-11-03,GARNELEN,13
2014-11-03,HAEHNCHEN,29
2014-11-03,KOEFTE,24
2014-11-03,LAMM,28
2014-11-03,STEAK,24
2014-11-04,CALAMARI,5
2014-11-04,FISCH,6
2014-11-04,GARNELEN,7
2014-11-04,HAEHNCHEN,28
2014-11-04,KOEFTE,25
2014-11-04,LAMM,26
2014-11-04,STEAK,21
2014-11-05,CALAMARI,3
2014-11-05,FISCH,3
2014-11-05,GARNELEN,7
2014-11-05,HAEHNCHEN,35
2014-11-05,KOEFTE,17
2014-11-05,LAMM,31
2014-11-05,STEAK,16
2014-11-06,CALAMARI,6
2014-11-06,FISCH,5
2014-11-06,GARNELEN,12
2014-11-06,HAEHNCHEN,21
2014-11-06,KOEFTE,24
2014-11-06,LAMM,34
2014-11-06,STEAK,24
2014-11-07,CALAMARI,5
2014-11-07,FISCH,3
2014-11-07,GARNELEN,11
2014-11-07,HAEHNCHEN,32
2014-11-07,KOEFTE,33
2014-11-07,LAMM,44
2014-11-07,STEAK,26
2014-11-08,CALAMARI,9
2014-11-08,FISCH,9
2014-11-08,GARNELEN,20
2014-11-08,HAEHNCHEN,51
2014-11-08,KOEFTE,65
2014-11-08,LAMM,76
2014-11-08,STEAK,62
2014-11-09,CALAMARI,0
2014-11-09,FISCH,1
2014-11-09,GARNELEN,8
2014-11-09,HAEHNCHEN,19
2014-11-09,KOEFTE,17
2014-11-09,LAMM,2
2014-11-09,STEAK,23
2014-11-10,CALAMARI,2
2014-11-10,FISCH,0
2014-11-10,GARNELEN,7
2014-11-10,HAEHNCHEN,19
2014-11-10,KOEFTE,15
2014-11-10,LAMM,23
2014-11-10,STEAK,15
2014-11-11,CALAMARI,4
2014-11-11,FISCH,7
2014-11-11,GARNELEN,4
2014-11-11,HAEHNCHEN,22
2014-11-11,KOEFTE,20
2014-11-11,LAMM,17
2014-11-11,STEAK,22
2014-11-12,CALAMARI,13
2014-11-12,FISCH,3
2014-11-12,GARNELEN,5
2014-11-12,HAEHNCHEN,28
2014-11-12,KOEFTE,38
2014-11-12,LAMM,39
2014-11-12,STEAK,19
2014-11-13,CALAMARI,3
2014-11-13,FISCH,1
2014-11-13,GARNELEN,12
2014-11-13,HAEHNCHEN,28
2014-11-13,KOEFTE,32
2014-11-13,LAMM,25
2014-11-13,STEAK,15
2014-11-14,CALAMARI,1
2014-11-14,FISCH,4
2014-11-14,GARNELEN,6
2014-11-14,HAEHNCHEN,31
2014-11-14,KOEFTE,32
2014-11-14,LAMM,36
2014-11-14,STEAK,26
2014-11-15,CALAMARI,8
2014-11-15,FISCH,11
2014-11-15,GARNELEN,19
2014-11-15,HAEHNCHEN,54
2014-11-15,KOEFTE,46
2014-11-15,LAMM,57
2014-11-15,STEAK,56
2014-11-16,CALAMARI,2
2014-11-16,FISCH,2
2014-11-16,GARNELEN,8
2014-11-16,HAEHNCHEN,25
2014-11-16,KOEFTE,11
2014-11-16,LAMM,41
2014-11-16,STEAK,12
2014-11-17,CALAMARI,3
2014-11-17,FISCH,6
2014-11-17,GARNELEN,7
2014-11-17,HAEHNCHEN,23
2014-11-17,KOEFTE,16
2014-11-17,LAMM,24
2014-11-17,STEAK,20
2014-11-18,CALAMARI,4
2014-11-18,FISCH,2
2014-11-18,GARNELEN,7
2014-11-18,HAEHNCHEN,30
2014-11-18,KOEFTE,22
2014-11-18,LAMM,39
2014-11-18,STEAK,17
2014-11-19,CALAMARI,8
2014-11-19,FISCH,6
2014-11-19,GARNELEN,11
2014-11-19,HAEHNCHEN,36
2014-11-19,KOEFTE,39
2014-11-19,LAMM,36
2014-11-19,STEAK,28
2014-11-20,CALAMARI,2
2014-11-20,FISCH,6
2014-11-20,GARNELEN,7
2014-11-20,HAEHNCHEN,25
2014-11-20,KOEFTE,30
2014-11-20,LAMM,27
2014-11-20,STEAK,22
2014-11-21,CALAMARI,3
2014-11-21,FISCH,8
2014-11-21,GARNELEN,13
2014-11-21,HAEHNCHEN,42
2014-11-21,KOEFTE,17
2014-11-21,LAMM,29
2014-11-21,STEAK,32
2014-11-22,CALAMARI,6
2014-11-22,FISCH,8
2014-11-22,GARNELEN,12
2014-11-22,HAEHNCHEN,62
2014-11-22,KOEFTE,49
2014-11-22,LAMM,70
2014-11-22,STEAK,59
2014-11-23,CALAMARI,1
2014-11-23,FISCH,5
2014-11-23,GARNELEN,7
2014-11-23,HAEHNCHEN,26
2014-11-23,KOEFTE,16
2014-11-23,LAMM,20
2014-11-23,STEAK,19
2014-11-24,CALAMARI,0
2014-11-24,FISCH,7
2014-11-24,GARNELEN,8
2014-11-24,HAEHNCHEN,18
2014-11-24,KOEFTE,14
2014-11-24,LAMM,30
2014-11-24,STEAK,15
2014-11-25,CALAMARI,1
2014-11-25,FISCH,6
2014-11-25,GARNELEN,10
2014-11-25,HAEHNCHEN,22
2014-11-25,KOEFTE,25
2014-11-25,LAMM,30
2014-11-25,STEAK,19
2014-11-26,CALAMARI,1
2014-11-26,FISCH,7
2014-11-26,GARNELEN,4
2014-11-26,HAEHNCHEN,40
2014-11-26,KOEFTE,23
2014-11-26,LAMM,17
2014-11-26,STEAK,13
2014-11-27,CALAMARI,1
2014-11-27,FISCH,3
2014-11-27,GARNELEN,6
2014-11-27,HAEHNCHEN,16
2014-11-27,KOEFTE,23
2014-11-27,LAMM,36
2014-11-27,STEAK,13
2014-11-28,CALAMARI,4
2014-11-28,FISCH,6
2014-11-28,GARNELEN,8
2014-11-28,HAEHNCHEN,37
2014-11-28,KOEFTE,36
2014-11-28,LAMM,33
2014-11-28,STEAK,25
2014-11-29,CALAMARI,14
2014-11-29,FISCH,10
2014-11-29,GARNELEN,18
2014-11-29,HAEHNCHEN,40
2014-11-29,KOEFTE,44
2014-11-29,LAMM,64
2014-11-29,STEAK,45
2014-11-30,CALAMARI,3
2014-11-30,FISCH,3
2014-11-30,GARNELEN,10
2014-11-30,HAEHNCHEN,17
2014-11-30,KOEFTE,11
2014-11-30,LAMM,25
2014-11-30,STEAK,14
2014-12-01,CALAMARI,1
2014-12-01,FISCH,2
2014-12-01,GARNELEN,8
2014-12-01,HAEHNCHEN,19
2014-12-01,KOEFTE,11
2014-12-01,LAMM,23
2014-12-01,STEAK,15
2014-12-02,CALAMARI,3
2014-12-02,FISCH,5
2014-12-02,GARNELEN,5
2014-12-02,HAEHNCHEN,22
2014-12-02,KOEFTE,12
2014-12-02,LAMM,24
2014-12-02,STEAK,19
2014-12-03,CALAMARI,4
2014-12-03,FISCH,4
2014-12-03,GARNELEN,10
2014-12-03,HAEHNCHEN,37
2014-12-03,KOEFTE,20
2014-12-03,LAMM,41
2014-12-03,STEAK,29
2014-12-04,CALAMARI,3
2014-12-04,FISCH,5
2014-12-04,GARNELEN,10
2014-12-04,HAEHNCHEN,24
2014-12-04,KOEFTE,23
2014-12-04,LAMM,34
2014-12-04,STEAK,15
2014-12-05,CALAMARI,3
2014-12-05,FISCH,4
2014-12-05,GARNELEN,9
2014-12-05,HAEHNCHEN,38
2014-12-05,KOEFTE,29
2014-12-05,LAMM,30
2014-12-05,STEAK,29
2014-12-06,CALAMARI,11
2014-12-06,FISCH,13
2014-12-06,GARNELEN,11
2014-12-06,HAEHNCHEN,27
2014-12-06,KOEFTE,37
2014-12-06,LAMM,45
2014-12-06,STEAK,37
2014-12-07,CALAMARI,2
2014-12-07,FISCH,3
2014-12-07,GARNELEN,10
2014-12-07,HAEHNCHEN,25
2014-12-07,KOEFTE,12
2014-12-07,LAMM,20
2014-12-07,STEAK,7
2014-12-08,CALAMARI,0
2014-12-08,FISCH,2
2014-12-08,GARNELEN,7
2014-12-08,HAEHNCHEN,19
2014-12-08,KOEFTE,20
2014-12-08,LAMM,20
2014-12-08,STEAK,19
2014-12-09,CALAMARI,4
2014-12-09,FISCH,6
2014-12-09,GARNELEN,12
2014-12-09,HAEHNCHEN,34
2014-12-09,KOEFTE,19
2014-12-09,LAMM,39
2014-12-09,STEAK,22
2014-12-10,CALAMARI,6
2014-12-10,FISCH,3
2014-12-10,GARNELEN,5
2014-12-10,HAEHNCHEN,29
2014-12-10,KOEFTE,23
2014-12-10,LAMM,21
2014-12-10,STEAK,18
2014-12-11,CALAMARI,1
2014-12-11,FISCH,10
2014-12-11,GARNELEN,13
2014-12-11,HAEHNCHEN,24
2014-12-11,KOEFTE,23
2014-12-11,LAMM,34
2014-12-11,STEAK,26
2014-12-12,CALAMARI,8
2014-12-12,FISCH,7
2014-12-12,GARNELEN,11
2014-12-12,HAEHNCHEN,35
2014-12-12,KOEFTE,20
2014-12-12,LAMM,26
2014-12-12,STEAK,27
2014-12-13,CALAMARI,13
2014-12-13,FISCH,8
2014-12-13,GARNELEN,18
2014-12-13,HAEHNCHEN,60
2014-12-13,KOEFTE,56
2014-12-13,LAMM,87
2014-12-13,STEAK,82
2014-12-14,CALAMARI,2
2014-12-14,FISCH,1
2014-12-14,GARNELEN,3
2014-12-14,HAEHNCHEN,21
2014-12-14,KOEFTE,10
2014-12-14,LAMM,21
2014-12-14,STEAK,12
2014-12-15,CALAMARI,0
2014-12-15,FISCH,4
2014-12-15,GARNELEN,9
2014-12-15,HAEHNCHEN,22
2014-12-15,KOEFTE,20
2014-12-15,LAMM,25
2014-12-15,STEAK,19
2014-12-16,CALAMARI,3
2014-12-16,FISCH,5
2014-12-16,GARNELEN,10
2014-12-16,HAEHNCHEN,26
2014-12-16,KOEFTE,20
2014-12-16,LAMM,22
2014-12-16,STEAK,19
2014-12-17,CALAMARI,4
2014-12-17,FISCH,5
2014-12-17,GARNELEN,12
2014-12-17,HAEHNCHEN,14
2014-12-17,KOEFTE,23
2014-12-17,LAMM,33
2014-12-17,STEAK,26
2014-12-18,CALAMARI,6
2014-12-18,FISCH,3
2014-12-18,GARNELEN,11
2014-12-18,HAEHNCHEN,32
2014-12-18,KOEFTE,19
2014-12-18,LAMM,51
2014-12-18,STEAK,16
2014-12-19,CALAMARI,7
2014-12-19,FISCH,4
2014-12-19,GARNELEN,16
2014-12-19,HAEHNCHEN,34
2014-12-19,KOEFTE,20
2014-12-19,LAMM,43
2014-12-19,STEAK,28
2014-12-20,CALAMARI,6
2014-12-20,FISCH,8
2014-12-20,GARNELEN,13
2014-12-20,HAEHNCHEN,30
2014-12-20,KOEFTE,27
2014-12-20,LAMM,43
2014-12-20,STEAK,38
2014-12-21,CALAMARI,3
2014-12-21,FISCH,2
2014-12-21,GARNELEN,9
2014-12-21,HAEHNCHEN,21
2014-12-21,KOEFTE,10
2014-12-21,LAMM,14
2014-12-21,STEAK,5
2014-12-22,CALAMARI,6
2014-12-22,FISCH,3
2014-12-22,GARNELEN,8
2014-12-22,HAEHNCHEN,33
2014-12-22,KOEFTE,36
2014-12-22,LAMM,56
2014-12-22,STEAK,32
2014-12-23,CALAMARI,4
2014-12-23,FISCH,2
2014-12-23,GARNELEN,5
2014-12-23,HAEHNCHEN,18
2014-12-23,KOEFTE,23
2014-12-23,LAMM,28
2014-12-23,STEAK,14
2014-12-27,CALAMARI,0
2014-12-27,FISCH,4
2014-12-27,GARNELEN,7
2014-12-27,HAEHNCHEN,28
2014-12-27,KOEFTE,24
2014-12-27,LAMM,38
2014-12-27,STEAK,25
2014-12-28,CALAMARI,5
2014-12-28,FISCH,3
2014-12-28,GARNELEN,4
2014-12-28,HAEHNCHEN,15
2014-12-28,KOEFTE,7
2014-12-28,LAMM,12
2014-12-28,STEAK,9
2014-12-29,CALAMARI,6
2014-12-29,FISCH,4
2014-12-29,GARNELEN,12
2014-12-29,HAEHNCHEN,29
2014-12-29,KOEFTE,14
2014-12-29,LAMM,37
2014-12-29,STEAK,30
2014-12-30,CALAMARI,6
2014-12-30,FISCH,3
2014-12-30,GARNELEN,4
2014-12-30,HAEHNCHEN,33
2014-12-30,KOEFTE,22
2014-12-30,LAMM,35
2014-12-30,STEAK,22
2015-01-01,CALAMARI,2
2015-01-01,FISCH,5
2015-01-01,GARNELEN,2
2015-01-01,HAEHNCHEN,5
2015-01-01,KOEFTE,20
2015-01-01,LAMM,18
2015-01-01,STEAK,11
2015-01-02,CALAMARI,2
2015-01-02,FISCH,3
2015-01-02,GARNELEN,12
2015-01-02,HAEHNCHEN,31
2015-01-02,KOEFTE,37
2015-01-02,LAMM,39
2015-01-02,STEAK,28
2015-01-03,CALAMARI,8
2015-01-03,FISCH,0
2015-01-03,GARNELEN,7
2015-01-03,HAEHNCHEN,43
2015-01-03,KOEFTE,33
2015-01-03,LAMM,36
2015-01-03,STEAK,31
2015-01-04,CALAMARI,4
2015-01-04,FISCH,2
2015-01-04,GARNELEN,6
2015-01-04,HAEHNCHEN,20
2015-01-04,KOEFTE,25
2015-01-04,LAMM,14
2015-01-04,STEAK,11
2015-01-05,CALAMARI,9
2015-01-05,FISCH,7
2015-01-05,GARNELEN,15
2015-01-05,HAEHNCHEN,46
2015-01-05,KOEFTE,47
2015-01-05,LAMM,44
2015-01-05,STEAK,35
2015-01-06,CALAMARI,2
2015-01-06,FISCH,7
2015-01-06,GARNELEN,10
2015-01-06,HAEHNCHEN,24
2015-01-06,KOEFTE,18
2015-01-06,LAMM,28
2015-01-06,STEAK,17
2015-01-07,CALAMARI,4
2015-01-07,FISCH,6
2015-01-07,GARNELEN,16
2015-01-07,HAEHNCHEN,26
2015-01-07,KOEFTE,26
2015-01-07,LAMM,23
2015-01-07,STEAK,15
2015-01-08,CALAMARI,2
2015-01-08,FISCH,2
2015-01-08,GARNELEN,6
2015-01-08,HAEHNCHEN,24
2015-01-08,KOEFTE,13
2015-01-08,LAMM,23
2015-01-08,STEAK,12
2015-01-09,CALAMARI,2
2015-01-09,FISCH,3
2015-01-09,GARNELEN,8
2015-01-09,HAEHNCHEN,33
2015-01-09,KOEFTE,21
2015-01-09,LAMM,28
2015-01-09,STEAK,17
2015-01-10,CALAMARI,8
2015-01-10,FISCH,12
2015-01-10,GARNELEN,17
2015-01-10,HAEHNCHEN,47
2015-01-10,KOEFTE,34
2015-01-10,LAMM,52
2015-01-10,STEAK,50
2015-01-11,CALAMARI,2
2015-01-11,FISCH,1
2015-01-11,GARNELEN,13
2015-01-11,HAEHNCHEN,18
2015-01-11,KOEFTE,16
2015-01-11,LAMM,29
2015-01-11,STEAK,18
2015-01-12,CALAMARI,3
2015-01-12,FISCH,1
2015-01-12,GARNELEN,9
2015-01-12,HAEHNCHEN,15
2015-01-12,KOEFTE,14
2015-01-12,LAMM,18
2015-01-12,STEAK,18
2015-01-13,CALAMARI,2
2015-01-13,FISCH,1
2015-01-13,GARNELEN,11
2015-01-13,HAEHNCHEN,17
2015-01-13,KOEFTE,27
2015-01-13,LAMM,28
2015-01-13,STEAK,23
2015-01-14,CALAMARI,7
2015-01-14,FISCH,4
2015-01-14,GARNELEN,10
2015-01-14,HAEHNCHEN,32
2015-01-14,KOEFTE,24
2015-01-14,LAMM,28
2015-01-14,STEAK,20
2015-01-15,CALAMARI,5
2015-01-15,FISCH,7
2015-01-15,GARNELEN,8
2015-01-15,HAEHNCHEN,27
2015-01-15,KOEFTE,22
2015-01-15,LAMM,32
2015-01-15,STEAK,21
2015-01-16,CALAMARI,7
2015-01-16,FISCH,5
2015-01-16,GARNELEN,9
2015-01-16,HAEHNCHEN,36
2015-01-16,KOEFTE,24
2015-01-16,LAMM,45
2015-01-16,STEAK,18
2015-01-17,CALAMARI,9
2015-01-17,FISCH,12
2015-01-17,GARNELEN,12
2015-01-17,HAEHNCHEN,31
2015-01-17,KOEFTE,31
2015-01-17,LAMM,56
2015-01-17,STEAK,27
2015-01-18,CALAMARI,5
2015-01-18,FISCH,4
2015-01-18,GARNELEN,5
2015-01-18,HAEHNCHEN,15
2015-01-18,KOEFTE,17
2015-01-18,LAMM,26
2015-01-18,STEAK,3
2015-01-19,CALAMARI,1
2015-01-19,FISCH,1
2015-01-19,GARNELEN,7
2015-01-19,HAEHNCHEN,27
2015-01-19,KOEFTE,22
2015-01-19,LAMM,31
2015-01-19,STEAK,14
2015-01-20,CALAMARI,0
2015-01-20,FISCH,8
2015-01-20,GARNELEN,4
2015-01-20,HAEHNCHEN,14
2015-01-20,KOEFTE,24
2015-01-20,LAMM,33
2015-01-20,STEAK,14
2015-01-21,CALAMARI,3
2015-01-21,FISCH,2
2015-01-21,GARNELEN,12
2015-01-21,HAEHNCHEN,18
2015-01-21,KOEFTE,30
2015-01-21,LAMM,45
2015-01-21,STEAK,19
2015-01-22,CALAMARI,0
2015-01-22,FISCH,2
2015-01-22,GARNELEN,10
2015-01-22,HAEHNCHEN,18
2015-01-22,KOEFTE,18
2015-01-22,LAMM,37
2015-01-22,STEAK,24
2015-01-23,CALAMARI,2
2015-01-23,FISCH,7
2015-01-23,GARNELEN,8
2015-01-23,HAEHNCHEN,26
2015-01-23,KOEFTE,19
2015-01-23,LAMM,29
2015-01-23,STEAK,32
2015-01-24,CALAMARI,8
2015-01-24,FISCH,9
2015-01-24,GARNELEN,16
2015-01-24,HAEHNCHEN,50
2015-01-24,KOEFTE,33
2015-01-24,LAMM,49
2015-01-24,STEAK,33
2015-01-25,CALAMARI,5
2015-01-25,FISCH,7
2015-01-25,GARNELEN,6
2015-01-25,HAEHNCHEN,20
2015-01-25,KOEFTE,17
2015-01-25,LAMM,26
2015-01-25,STEAK,18
2015-01-26,CALAMARI,0
2015-01-26,FISCH,6
2015-01-26,GARNELEN,4
2015-01-26,HAEHNCHEN,17
2015-01-26,KOEFTE,19
2015-01-26,LAMM,24
2015-01-26,STEAK,14
2015-01-27,CALAMARI,5
2015-01-27,FISCH,4
2015-01-27,GARNELEN,12
2015-01-27,HAEHNCHEN,30
2015-01-27,KOEFTE,17
2015-01-27,LAMM,30
2015-01-27,STEAK,18
2015-01-28,CALAMARI,5
2015-01-28,FISCH,4
2015-01-28,GARNELEN,10
2015-01-28,HAEHNCHEN,27
2015-01-28,KOEFTE,18
2015-01-28,LAMM,34
2015-01-28,STEAK,26
2015-01-29,CALAMARI,6
2015-01-29,FISCH,4
2015-01-29,GARNELEN,12
2015-01-29,HAEHNCHEN,32
2015-01-29,KOEFTE,17
2015-01-29,LAMM,35
2015-01-29,STEAK,25
2015-01-30,CALAMARI,6
2015-01-30,FISCH,2
2015-01-30,GARNELEN,12
2015-01-30,HAEHNCHEN,29
2015-01-30,KOEFTE,23
2015-01-30,LAMM,46
2015-01-30,STEAK,27
2015-01-31,CALAMARI,5
2015-01-31,FISCH,4
2015-01-31,GARNELEN,15
2015-01-31,HAEHNCHEN,52
2015-01-31,KOEFTE,40
2015-01-31,LAMM,69
2015-01-31,STEAK,33
2015-02-01,CALAMARI,3
2015-02-01,FISCH,3
2015-02-01,GARNELEN,4
2015-02-01,HAEHNCHEN,26
2015-02-01,KOEFTE,14
2015-02-01,LAMM,23
2015-02-01,STEAK,13
2015-02-02,CALAMARI,5
2015-02-02,FISCH,1
2015-02-02,GARNELEN,6
2015-02-02,HAEHNCHEN,13
2015-02-02,KOEFTE,12
2015-02-02,LAMM,15
2015-02-02,STEAK,16
2015-02-03,CALAMARI,7
2015-02-03,FISCH,2
2015-02-03,GARNELEN,8
2015-02-03,HAEHNCHEN,29
2015-02-03,KOEFTE,11
2015-02-03,LAMM,18
2015-02-03,STEAK,16
2015-02-04,CALAMARI,1
2015-02-04,FISCH,3
2015-02-04,GARNELEN,9
2015-02-04,HAEHNCHEN,24
2015-02-04,KOEFTE,22
2015-02-04,LAMM,25
2015-02-04,STEAK,29
2015-02-05,CALAMARI,1
2015-02-05,FISCH,3
2015-02-05,GARNELEN,11
2015-02-05,HAEHNCHEN,24
2015-02-05,KOEFTE,20
2015-02-05,LAMM,21
2015-02-05,STEAK,16
2015-02-06,CALAMARI,5
2015-02-06,FISCH,3
2015-02-06,GARNELEN,13
2015-02-06,HAEHNCHEN,43
2015-02-06,KOEFTE,18
2015-02-06,LAMM,31
2015-02-06,STEAK,16
2015-02-07,CALAMARI,7
2015-02-07,FISCH,6
2015-02-07,GARNELEN,6
2015-02-07,HAEHNCHEN,35
2015-02-07,KOEFTE,34
2015-02-07,LAMM,55
2015-02-07,STEAK,30
2015-02-08,CALAMARI,1
2015-02-08,FISCH,3
2015-02-08,GARNELEN,8
2015-02-08,HAEHNCHEN,17
2015-02-08,KOEFTE,9
2015-02-08,LAMM,25
2015-02-08,STEAK,18
2015-02-09,CALAMARI,2
2015-02-09,FISCH,2
2015-02-09,GARNELEN,7
2015-02-09,HAEHNCHEN,29
2015-02-09,KOEFTE,18
2015-02-09,LAMM,18
2015-02-09,STEAK,18
2015-02-10,CALAMARI,1
2015-02-10,FISCH,6
2015-02-10,GARNELEN,12
2015-02-10,HAEHNCHEN,31
2015-02-10,KOEFTE,14
2015-02-10,LAMM,26
2015-02-10,STEAK,10
2015-02-11,CALAMARI,3
2015-02-11,FISCH,7
2015-02-11,GARNELEN,15
2015-02-11,HAEHNCHEN,32
2015-02-11,KOEFTE,20
2015-02-11,LAMM,41
2015-02-11,STEAK,13
2015-02-12,CALAMARI,2
2015-02-12,FISCH,4
2015-02-12,GARNELEN,9
2015-02-12,HAEHNCHEN,24
2015-02-12,KOEFTE,18
2015-02-12,LAMM,50
2015-02-12,STEAK,19
2015-02-13,CALAMARI,3
2015-02-13,FISCH,4
2015-02-13,GARNELEN,6
2015-02-13,HAEHNCHEN,24
2015-02-13,KOEFTE,21
2015-02-13,LAMM,26
2015-02-13,STEAK,23
2015-02-14,CALAMARI,4
2015-02-14,FISCH,11
2015-02-14,GARNELEN,18
2015-02-14,HAEHNCHEN,80
2015-02-14,KOEFTE,34
2015-02-14,LAMM,88
2015-02-14,STEAK,59
2015-02-15,CALAMARI,3
2015-02-15,FISCH,5
2015-02-15,GARNELEN,7
2015-02-15,HAEHNCHEN,22
2015-02-15,KOEFTE,20
2015-02-15,LAMM,19
2015-02-15,STEAK,19
2015-02-16,CALAMARI,8
2015-02-16,FISCH,3
2015-02-16,GARNELEN,10
2015-02-16,HAEHNCHEN,20
2015-02-16,KOEFTE,16
2015-02-16,LAMM,36
2015-02-16,STEAK,20
2015-02-17,CALAMARI,5
2015-02-17,FISCH,1
2015-02-17,GARNELEN,5
2015-02-17,HAEHNCHEN,20
2015-02-17,KOEFTE,21
2015-02-17,LAMM,19
2015-02-17,STEAK,11
2015-02-18,CALAMARI,6
2015-02-18,FISCH,3
2015-02-18,GARNELEN,8
2015-02-18,HAEHNCHEN,32
2015-02-18,KOEFTE,23
2015-02-18,LAMM,45
2015-02-18,STEAK,31
2015-02-19,CALAMARI,2
2015-02-19,FISCH,0
2015-02-19,GARNELEN,6
2015-02-19,HAEHNCHEN,30
2015-02-19,KOEFTE,12
2015-02-19,LAMM,33
2015-02-19,STEAK,21
2015-02-20,CALAMARI,5
2015-02-20,FISCH,6
2015-02-20,GARNELEN,22
2015-02-20,HAEHNCHEN,50
2015-02-20,KOEFTE,28
2015-02-20,LAMM,57
2015-02-20,STEAK,32
2015-02-21,CALAMARI,8
2015-02-21,FISCH,1
2015-02-21,GARNELEN,30
2015-02-21,HAEHNCHEN,50
2015-02-21,KOEFTE,24
2015-02-21,LAMM,55
2015-02-21,STEAK,30
2015-02-22,CALAMARI,0
2015-02-22,FISCH,11
2015-02-22,GARNELEN,10
2015-02-22,HAEHNCHEN,18
2015-02-22,KOEFTE,14
2015-02-22,LAMM,22
2015-02-22,STEAK,17
2015-02-23,CALAMARI,3
2015-02-23,FISCH,2
2015-02-23,GARNELEN,7
2015-02-23,HAEHNCHEN,16
2015-02-23,KOEFTE,8
2015-02-23,LAMM,24
2015-02-23,STEAK,16
2015-02-24,CALAMARI,5
2015-02-24,FISCH,6
2015-02-24,GARNELEN,9
2015-02-24,HAEHNCHEN,30
2015-02-24,KOEFTE,13
2015-02-24,LAMM,35
2015-02-24,STEAK,19
2015-02-25,CALAMARI,2
2015-02-25,FISCH,5
2015-02-25,GARNELEN,6
2015-02-25,HAEHNCHEN,28
2015-02-25,KOEFTE,14
2015-02-25,LAMM,19
2015-02-25,STEAK,13
2015-02-26,CALAMARI,2
2015-02-26,FISCH,6
2015-02-26,GARNELEN,4
2015-02-26,HAEHNCHEN,32
2015-02-26,KOEFTE,23
2015-02-26,LAMM,41
2015-02-26,STEAK,25
2015-02-27,CALAMARI,6
2015-02-27,FISCH,8
2015-02-27,GARNELEN,6
2015-02-27,HAEHNCHEN,24
2015-02-27,KOEFTE,16
2015-02-27,LAMM,25
2015-02-27,STEAK,23
2015-02-28,CALAMARI,6
2015-02-28,FISCH,9
2015-02-28,GARNELEN,14
2015-02-28,HAEHNCHEN,48
2015-02-28,KOEFTE,32
2015-02-28,LAMM,79
2015-02-28,STEAK,36
2015-03-01,CALAMARI,1
2015-03-01,FISCH,6
2015-03-01,GARNELEN,8
2015-03-01,HAEHNCHEN,22
2015-03-01,KOEFTE,10
2015-03-01,LAMM,24
2015-03-01,STEAK,26
2015-03-02,CALAMARI,6
2015-03-02,FISCH,5
2015-03-02,GARNELEN,1
2015-03-02,HAEHNCHEN,26
2015-03-02,KOEFTE,11
2015-03-02,LAMM,19
2015-03-02,STEAK,26
2015-03-03,CALAMARI,4
2015-03-03,FISCH,10
2015-03-03,GARNELEN,16
2015-03-03,HAEHNCHEN,29
2015-03-03,KOEFTE,22
2015-03-03,LAMM,24
2015-03-03,STEAK,36
2015-03-04,CALAMARI,6
2015-03-04,FISCH,4
2015-03-04,GARNELEN,11
2015-03-04,HAEHNCHEN,21
2015-03-04,KOEFTE,19
2015-03-04,LAMM,33
2015-03-04,STEAK,13
2015-03-05,CALAMARI,5
2015-03-05,FISCH,3
2015-03-05,GARNELEN,9
2015-03-05,HAEHNCHEN,22
2015-03-05,KOEFTE,11
2015-03-05,LAMM,27
2015-03-05,STEAK,27
2015-03-06,CALAMARI,3
2015-03-06,FISCH,5
2015-03-06,GARNELEN,18
2015-03-06,HAEHNCHEN,46
2015-03-06,KOEFTE,22
2015-03-06,LAMM,35
2015-03-06,STEAK,38
2015-03-07,CALAMARI,11
2015-03-07,FISCH,7
2015-03-07,GARNELEN,26
2015-03-07,HAEHNCHEN,64
2015-03-07,KOEFTE,39
2015-03-07,LAMM,83
2015-03-07,STEAK,41
2015-03-08,CALAMARI,7
2015-03-08,FISCH,2
2015-03-08,GARNELEN,8
2015-03-08,HAEHNCHEN,30
2015-03-08,KOEFTE,20
2015-03-08,LAMM,27
2015-03-08,STEAK,15
2015-03-09,CALAMARI,2
2015-03-09,FISCH,4
2015-03-09,GARNELEN,6
2015-03-09,HAEHNCHEN,22
2015-03-09,KOEFTE,21
2015-03-09,LAMM,21
2015-03-09,STEAK,18
2015-03-10,CALAMARI,2
2015-03-10,FISCH,5
2015-03-10,GARNELEN,14
2015-03-10,HAEHNCHEN,31
2015-03-10,KOEFTE,20
2015-03-10,LAMM,29
2015-03-10,STEAK,19
2015-03-11,CALAMARI,6
2015-03-11,FISCH,5
2015-03-11,GARNELEN,14
2015-03-11,HAEHNCHEN,28
2015-03-11,KOEFTE,24
2015-03-11,LAMM,38
2015-03-11,STEAK,29
2015-03-12,CALAMARI,4
2015-03-12,FISCH,5
2015-03-12,GARNELEN,9
2015-03-12,HAEHNCHEN,31
2015-03-12,KOEFTE,15
2015-03-12,LAMM,33
2015-03-12,STEAK,30
2015-03-13,CALAMARI,10
2015-03-13,FISCH,10
2015-03-13,GARNELEN,16
2015-03-13,HAEHNCHEN,37
2015-03-13,KOEFTE,26
2015-03-13,LAMM,49
2015-03-13,STEAK,33
2015-03-14,CALAMARI,12
2015-03-14,FISCH,16
2015-03-14,GARNELEN,17
2015-03-14,HAEHNCHEN,55
2015-03-14,KOEFTE,43
2015-03-14,LAMM,60
2015-03-14,STEAK,46
2015-03-15,CALAMARI,2
2015-03-15,FISCH,5
2015-03-15,GARNELEN,9
2015-03-15,HAEHNCHEN,26
2015-03-15,KOEFTE,13
2015-03-15,LAMM,28
2015-03-15,STEAK,19
2015-03-16,CALAMARI,4
2015-03-16,FISCH,8
2015-03-16,GARNELEN,12
2015-03-16,HAEHNCHEN,27
2015-03-16,KOEFTE,23
2015-03-16,LAMM,33
2015-03-16,STEAK,21
2015-03-17,CALAMARI,3
2015-03-17,FISCH,1
2015-03-17,GARNELEN,12
2015-03-17,HAEHNCHEN,24
2015-03-17,KOEFTE,15
2015-03-17,LAMM,28
2015-03-17,STEAK,17
2015-03-18,CALAMARI,5
2015-03-18,FISCH,5
2015-03-18,GARNELEN,19
2015-03-18,HAEHNCHEN,41
2015-03-18,KOEFTE,8
2015-03-18,LAMM,40
2015-03-18,STEAK,16
2015-03-19,CALAMARI,5
2015-03-19,FISCH,7
2015-03-19,GARNELEN,9
2015-03-19,HAEHNCHEN,28
2015-03-19,KOEFTE,19
2015-03-19,LAMM,41
2015-03-19,STEAK,18
2015-03-20,CALAMARI,7
2015-03-20,FISCH,5
2015-03-20,GARNELEN,5
2015-03-20,HAEHNCHEN,39
2015-03-20,KOEFTE,32
2015-03-20,LAMM,47
2015-03-20,STEAK,21
2015-03-21,CALAMARI,8
2015-03-21,FISCH,17
2015-03-21,GARNELEN,13
2015-03-21,HAEHNCHEN,60
2015-03-21,KOEFTE,32
2015-03-21,LAMM,56
2015-03-21,STEAK,21
2015-03-22,CALAMARI,2
2015-03-22,FISCH,2
2015-03-22,GARNELEN,8
2015-03-22,HAEHNCHEN,18
2015-03-22,KOEFTE,23
2015-03-22,LAMM,30
2015-03-22,STEAK,17
2015-03-23,CALAMARI,2
2015-03-23,FISCH,4
2015-03-23,GARNELEN,10
2015-03-23,HAEHNCHEN,19
2015-03-23,KOEFTE,21
2015-03-23,LAMM,26
2015-03-23,STEAK,18
2015-03-24,CALAMARI,3
2015-03-24,FISCH,3
2015-03-24,GARNELEN,12
2015-03-24,HAEHNCHEN,26
2015-03-24,KOEFTE,17
2015-03-24,LAMM,22
2015-03-24,STEAK,27
2015-03-25,CALAMARI,4
2015-03-25,FISCH,4
2015-03-25,GARNELEN,15
2015-03-25,HAEHNCHEN,36
2015-03-25,KOEFTE,24
2015-03-25,LAMM,36
2015-03-25,STEAK,23
2015-03-26,CALAMARI,4
2015-03-26,FISCH,4
2015-03-26,GARNELEN,12
2015-03-26,HAEHNCHEN,37
2015-03-26,KOEFTE,10
2015-03-26,LAMM,31
2015-03-26,STEAK,19
2015-03-27,CALAMARI,6
2015-03-27,FISCH,4
2015-03-27,GARNELEN,18
2015-03-27,HAEHNCHEN,35
2015-03-27,KOEFTE,36
2015-03-27,LAMM,55
2015-03-27,STEAK,22
2015-03-28,CALAMARI,9
2015-03-28,FISCH,7
2015-03-28,GARNELEN,22
2015-03-28,HAEHNCHEN,66
2015-03-28,KOEFTE,34
2015-03-28,LAMM,71
2015-03-28,STEAK,55
2015-03-29,CALAMARI,1
2015-03-29,FISCH,1
2015-03-29,GARNELEN,8
2015-03-29,HAEHNCHEN,29
2015-03-29,KOEFTE,20
2015-03-29,LAMM,24
2015-03-29,STEAK,21
2015-03-30,CALAMARI,3
2015-03-30,FISCH,2
2015-03-30,GARNELEN,16
2015-03-30,HAEHNCHEN,31
2015-03-30,KOEFTE,14
2015-03-30,LAMM,29
2015-03-30,STEAK,16
2015-03-31,CALAMARI,2
2015-03-31,FISCH,13
2015-03-31,GARNELEN,16
2015-03-31,HAEHNCHEN,55
2015-03-31,KOEFTE,34
2015-03-31,LAMM,39
2015-03-31,STEAK,28
2015-04-01,CALAMARI,4
2015-04-01,FISCH,1
2015-04-01,GARNELEN,10
2015-04-01,HAEHNCHEN,41
2015-04-01,KOEFTE,19
2015-04-01,LAMM,32
2015-04-01,STEAK,19
2015-04-02,CALAMARI,5
2015-04-02,FISCH,3
2015-04-02,GARNELEN,17
2015-04-02,HAEHNCHEN,25
2015-04-02,KOEFTE,22
2015-04-02,LAMM,37
2015-04-02,STEAK,22
2015-04-03,CALAMARI,1
2015-04-03,FISCH,2
2015-04-03,GARNELEN,10
2015-04-03,HAEHNCHEN,11
2015-04-03,KOEFTE,11
2015-04-03,LAMM,20
2015-04-03,STEAK,12
2015-04-04,CALAMARI,2
2015-04-04,FISCH,7
2015-04-04,GARNELEN,15
2015-04-04,HAEHNCHEN,62
2015-04-04,KOEFTE,17
2015-04-04,LAMM,46
2015-04-04,STEAK,21
2015-04-05,CALAMARI,1
2015-04-05,FISCH,4
2015-04-05,GARNELEN,4
2015-04-05,HAEHNCHEN,11
2015-04-05,KOEFTE,3
2015-04-05,LAMM,18
2015-04-05,STEAK,6
2015-04-06,CALAMARI,5
2015-04-06,FISCH,1
2015-04-06,GARNELEN,9
2015-04-06,HAEHNCHEN,21
2015-04-06,KOEFTE,14
2015-04-06,LAMM,34
2015-04-06,STEAK,16
2015-04-07,CALAMARI,5
2015-04-07,FISCH,6
2015-04-07,GARNELEN,15
2015-04-07,HAEHNCHEN,35
2015-04-07,KOEFTE,19
2015-04-07,LAMM,23
2015-04-07,STEAK,28
2015-04-08,CALAMARI,4
2015-04-08,FISCH,7
2015-04-08,GARNELEN,12
2015-04-08,HAEHNCHEN,35
2015-04-08,KOEFTE,19
2015-04-08,LAMM,34
2015-04-08,STEAK,27
2015-04-09,CALAMARI,4
2015-04-09,FISCH,3
2015-04-09,GARNELEN,14
2015-04-09,HAEHNCHEN,27
2015-04-09,KOEFTE,23
2015-04-09,LAMM,36
2015-04-09,STEAK,22
2015-04-10,CALAMARI,4
2015-04-10,FISCH,10
2015-04-10,GARNELEN,17
2015-04-10,HAEHNCHEN,40
2015-04-10,KOEFTE,25
2015-04-10,LAMM,41
2015-04-10,STEAK,32
2015-04-11,CALAMARI,5
2015-04-11,FISCH,8
2015-04-11,GARNELEN,18
2015-04-11,HAEHNCHEN,69
2015-04-11,KOEFTE,47
2015-04-11,LAMM,62
2015-04-11,STEAK,32
2015-04-12,CALAMARI,2
2015-04-12,FISCH,3
2015-04-12,GARNELEN,7
2015-04-12,HAEHNCHEN,20
2015-04-12,KOEFTE,9
2015-04-12,LAMM,25
2015-04-12,STEAK,22
2015-04-13,CALAMARI,6
2015-04-13,FISCH,3
2015-04-13,GARNELEN,5
2015-04-13,HAEHNCHEN,16
2015-04-13,KOEFTE,18
2015-04-13,LAMM,26
2015-04-13,STEAK,10
2015-04-14,CALAMARI,6
2015-04-14,FISCH,3
2015-04-14,GARNELEN,8
2015-04-14,HAEHNCHEN,22
2015-04-14,KOEFTE,17
2015-04-14,LAMM,28
2015-04-14,STEAK,15
2015-04-15,CALAMARI,1
2015-04-15,FISCH,3
2015-04-15,GARNELEN,18
2015-04-15,HAEHNCHEN,17
2015-04-15,KOEFTE,14
2015-04-15,LAMM,32
2015-04-15,STEAK,20
2015-04-16,CALAMARI,5
2015-04-16,FISCH,3
2015-04-16,GARNELEN,3
2015-04-16,HAEHNCHEN,31
2015-04-16,KOEFTE,24
2015-04-16,LAMM,35
2015-04-16,STEAK,18
2015-04-17,CALAMARI,10
2015-04-17,FISCH,4
2015-04-17,GARNELEN,25
2015-04-17,HAEHNCHEN,43
2015-04-17,KOEFTE,26
2015-04-17,LAMM,57
2015-04-17,STEAK,32
2015-04-18,CALAMARI,5
2015-04-18,FISCH,2
2015-04-18,GARNELEN,10
2015-04-18,HAEHNCHEN,42
2015-04-18,KOEFTE,26
2015-04-18,LAMM,51
2015-04-18,STEAK,41
2015-04-19,CALAMARI,1
2015-04-19,FISCH,1
2015-04-19,GARNELEN,7
2015-04-19,HAEHNCHEN,16
2015-04-19,KOEFTE,14
2015-04-19,LAMM,30
2015-04-19,STEAK,9
2015-04-20,CALAMARI,2
2015-04-20,FISCH,3
2015-04-20,GARNELEN,8
2015-04-20,HAEHNCHEN,27
2015-04-20,KOEFTE,13
2015-04-20,LAMM,25
2015-04-20,STEAK,14
2015-04-21,CALAMARI,2
2015-04-21,FISCH,5
2015-04-21,GARNELEN,17
2015-04-21,HAEHNCHEN,24
2015-04-21,KOEFTE,16
2015-04-21,LAMM,18
2015-04-21,STEAK,17
2015-04-22,CALAMARI,0
2015-04-22,FISCH,12
2015-04-22,GARNELEN,9
2015-04-22,HAEHNCHEN,28
2015-04-22,KOEFTE,22
2015-04-22,LAMM,37
2015-04-22,STEAK,19
2015-04-23,CALAMARI,1
2015-04-23,FISCH,3
2015-04-23,GARNELEN,11
2015-04-23,HAEHNCHEN,31
2015-04-23,KOEFTE,20
2015-04-23,LAMM,25
2015-04-23,STEAK,20
2015-04-24,CALAMARI,6
2015-04-24,FISCH,5
2015-04-24,GARNELEN,15
2015-04-24,HAEHNCHEN,47
2015-04-24,KOEFTE,18
2015-04-24,LAMM,49
2015-04-24,STEAK,26
2015-04-25,CALAMARI,12
2015-04-25,FISCH,4
2015-04-25,GARNELEN,18
2015-04-25,HAEHNCHEN,59
2015-04-25,KOEFTE,21
2015-04-25,LAMM,45
2015-04-25,STEAK,42
2015-04-26,CALAMARI,1
2015-04-26,FISCH,3
2015-04-26,GARNELEN,14
2015-04-26,HAEHNCHEN,20
2015-04-26,KOEFTE,5
2015-04-26,LAMM,25
2015-04-26,STEAK,15
2015-04-27,CALAMARI,4
2015-04-27,FISCH,1
2015-04-27,GARNELEN,14
2015-04-27,HAEHNCHEN,23
2015-04-27,KOEFTE,16
2015-04-27,LAMM,33
2015-04-27,STEAK,18
2015-04-28,CALAMARI,4
2015-04-28,FISCH,3
2015-04-28,GARNELEN,17
2015-04-28,HAEHNCHEN,33
2015-04-28,KOEFTE,22
2015-04-28,LAMM,23
2015-04-28,STEAK,27
2015-04-29,CALAMARI,3
2015-04-29,FISCH,7
2015-04-29,GARNELEN,14
2015-04-29,HAEHNCHEN,40
2015-04-29,KOEFTE,19
2015-04-29,LAMM,35
2015-04-29,STEAK,13
2015-04-30,CALAMARI,4
2015-04-30,FISCH,3
2015-04-30,GARNELEN,12
2015-04-30,HAEHNCHEN,31
2015-04-30,KOEFTE,14
2015-04-30,LAMM,45
2015-04-30,STEAK,16
2015-05-01,CALAMARI,6
2015-05-01,FISCH,4
2015-05-01,GARNELEN,11
2015-05-01,HAEHNCHEN,28
2015-05-01,KOEFTE,13
2015-05-01,LAMM,37
2015-05-01,STEAK,27
2015-05-02,CALAMARI,14
2015-05-02,FISCH,15
2015-05-02,GARNELEN,22
2015-05-02,HAEHNCHEN,70
2015-05-02,KOEFTE,35
2015-05-02,LAMM,63
2015-05-02,STEAK,44
2015-05-03,CALAMARI,1
2015-05-03,FISCH,4
2015-05-03,GARNELEN,6
2015-05-03,HAEHNCHEN,23
2015-05-03,KOEFTE,15
2015-05-03,LAMM,21
2015-05-03,STEAK,24
2015-05-04,CALAMARI,3
2015-05-04,FISCH,2
2015-05-04,GARNELEN,10
2015-05-04,HAEHNCHEN,20
2015-05-04,KOEFTE,17
2015-05-04,LAMM,25
2015-05-04,STEAK,20
2015-05-05,CALAMARI,4
2015-05-05,FISCH,4
2015-05-05,GARNELEN,8
2015-05-05,HAEHNCHEN,35
2015-05-05,KOEFTE,24
2015-05-05,LAMM,29
2015-05-05,STEAK,17
2015-05-06,CALAMARI,4
2015-05-06,FISCH,6
2015-05-06,GARNELEN,9
2015-05-06,HAEHNCHEN,18
2015-05-06,KOEFTE,22
2015-05-06,LAMM,44
2015-05-06,STEAK,22
2015-05-07,CALAMARI,6
2015-05-07,FISCH,4
2015-05-07,GARNELEN,6
2015-05-07,HAEHNCHEN,31
2015-05-07,KOEFTE,16
2015-05-07,LAMM,42
2015-05-07,STEAK,25
2015-05-08,CALAMARI,5
2015-05-08,FISCH,6
2015-05-08,GARNELEN,9
2015-05-08,HAEHNCHEN,29
2015-05-08,KOEFTE,16
2015-05-08,LAMM,44
2015-05-08,STEAK,30
2015-05-09,CALAMARI,5
2015-05-09,FISCH,6
2015-05-09,GARNELEN,15
2015-05-09,HAEHNCHEN,41
2015-05-09,KOEFTE,24
2015-05-09,LAMM,50
2015-05-09,STEAK,22
2015-05-10,CALAMARI,2
2015-05-10,FISCH,4
2015-05-10,GARNELEN,9
2015-05-10,HAEHNCHEN,28
2015-05-10,KOEFTE,8
2015-05-10,LAMM,31
2015-05-10,STEAK,14
2015-05-11,CALAMARI,2
2015-05-11,FISCH,5
2015-05-11,GARNELEN,8
2015-05-11,HAEHNCHEN,31
2015-05-11,KOEFTE,14
2015-05-11,LAMM,32
2015-05-11,STEAK,18
2015-05-12,CALAMARI,4
2015-05-12,FISCH,1
2015-05-12,GARNELEN,6
2015-05-12,HAEHNCHEN,19
2015-05-12,KOEFTE,11
2015-05-12,LAMM,33
2015-05-12,STEAK,19
2015-05-13,CALAMARI,3
2015-05-13,FISCH,5
2015-05-13,GARNELEN,19
2015-05-13,HAEHNCHEN,31
2015-05-13,KOEFTE,16
2015-05-13,LAMM,37
2015-05-13,STEAK,25
2015-05-14,CALAMARI,2
2015-05-14,FISCH,6
2015-05-14,GARNELEN,10
2015-05-14,HAEHNCHEN,25
2015-05-14,KOEFTE,25
2015-05-14,LAMM,27
2015-05-14,STEAK,19
2015-05-15,CALAMARI,5
2015-05-15,FISCH,9
2015-05-15,GARNELEN,19
2015-05-15,HAEHNCHEN,50
2015-05-15,KOEFTE,15
2015-05-15,LAMM,61
2015-05-15,STEAK,27
2015-05-16,CALAMARI,2
2015-05-16,FISCH,5
2015-05-16,GARNELEN,19
2015-05-16,HAEHNCHEN,46
2015-05-16,KOEFTE,15
2015-05-16,LAMM,46
2015-05-16,STEAK,29
2015-05-17,CALAMARI,1
2015-05-17,FISCH,5
2015-05-17,GARNELEN,7
2015-05-17,HAEHNCHEN,21
2015-05-17,KOEFTE,11
2015-05-17,LAMM,28
2015-05-17,STEAK,23
2015-05-18,CALAMARI,2
2015-05-18,FISCH,3
2015-05-18,GARNELEN,7
2015-05-18,HAEHNCHEN,28
2015-05-18,KOEFTE,13
2015-05-18,LAMM,16
2015-05-18,STEAK,18
2015-05-19,CALAMARI,2
2015-05-19,FISCH,4
2015-05-19,GARNELEN,8
2015-05-19,HAEHNCHEN,31
2015-05-19,KOEFTE,24
2015-05-19,LAMM,33
2015-05-19,STEAK,22
2015-05-20,CALAMARI,3
2015-05-20,FISCH,7
2015-05-20,GARNELEN,8
2015-05-20,HAEHNCHEN,31
2015-05-20,KOEFTE,17
2015-05-20,LAMM,19
2015-05-20,STEAK,14
2015-05-21,CALAMARI,3
2015-05-21,FISCH,6
2015-05-21,GARNELEN,15
2015-05-21,HAEHNCHEN,34
2015-05-21,KOEFTE,25
2015-05-21,LAMM,27
2015-05-21,STEAK,18
2015-05-22,CALAMARI,3
2015-05-22,FISCH,0
2015-05-22,GARNELEN,14
2015-05-22,HAEHNCHEN,37
2015-05-22,KOEFTE,18
2015-05-22,LAMM,42
2015-05-22,STEAK,1
2015-05-23,CALAMARI,4
2015-05-23,FISCH,4
2015-05-23,GARNELEN,12
2015-05-23,HAEHNCHEN,40
2015-05-23,KOEFTE,20
2015-05-23,LAMM,32
2015-05-23,STEAK,26
2015-05-24,CALAMARI,4
2015-05-24,FISCH,6
2015-05-24,GARNELEN,14
2015-05-24,HAEHNCHEN,27
2015-05-24,KOEFTE,15
2015-05-24,LAMM,25
2015-05-24,STEAK,23
2015-05-25,CALAMARI,1
2015-05-25,FISCH,4
2015-05-25,GARNELEN,4
2015-05-25,HAEHNCHEN,22
2015-05-25,KOEFTE,5
2015-05-25,LAMM,30
2015-05-25,STEAK,16
2015-05-26,CALAMARI,4
2015-05-26,FISCH,5
2015-05-26,GARNELEN,13
2015-05-26,HAEHNCHEN,33
2015-05-26,KOEFTE,30
2015-05-26,LAMM,46
2015-05-26,STEAK,25
2015-05-27,CALAMARI,5
2015-05-27,FISCH,8
2015-05-27,GARNELEN,18
2015-05-27,HAEHNCHEN,3
2015-05-27,KOEFTE,29
2015-05-27,LAMM,35
2015-05-27,STEAK,43
2015-05-28,CALAMARI,1
2015-05-28,FISCH,5
2015-05-28,GARNELEN,17
2015-05-28,HAEHNCHEN,24
2015-05-28,KOEFTE,23
2015-05-28,LAMM,38
2015-05-28,STEAK,20
2015-05-29,CALAMARI,8
2015-05-29,FISCH,5
2015-05-29,GARNELEN,13
2015-05-29,HAEHNCHEN,42
2015-05-29,KOEFTE,32
2015-05-29,LAMM,56
2015-05-29,STEAK,26
2015-05-30,CALAMARI,11
2015-05-30,FISCH,6
2015-05-30,GARNELEN,18
2015-05-30,HAEHNCHEN,49
2015-05-30,KOEFTE,29
2015-05-30,LAMM,51
2015-05-30,STEAK,45
2015-05-31,CALAMARI,1
2015-05-31,FISCH,1
2015-05-31,GARNELEN,10
2015-05-31,HAEHNCHEN,24
2015-05-31,KOEFTE,13
2015-05-31,LAMM,17
2015-05-31,STEAK,26
2015-06-01,CALAMARI,6
2015-06-01,FISCH,3
2015-06-01,GARNELEN,12
2015-06-01,HAEHNCHEN,36
2015-06-01,KOEFTE,23
2015-06-01,LAMM,53
2015-06-01,STEAK,24
2015-06-02,CALAMARI,4
2015-06-02,FISCH,2
2015-06-02,GARNELEN,8
2015-06-02,HAEHNCHEN,37
2015-06-02,KOEFTE,12
2015-06-02,LAMM,33
2015-06-02,STEAK,25
2015-06-03,CALAMARI,7
2015-06-03,FISCH,2
2015-06-03,GARNELEN,13
2015-06-03,HAEHNCHEN,48
2015-06-03,KOEFTE,31
2015-06-03,LAMM,43
2015-06-03,STEAK,26
2015-06-04,CALAMARI,1
2015-06-04,FISCH,5
2015-06-04,GARNELEN,14
2015-06-04,HAEHNCHEN,33
2015-06-04,KOEFTE,15
2015-06-04,LAMM,40
2015-06-04,STEAK,21
2015-06-05,CALAMARI,3
2015-06-05,FISCH,14
2015-06-05,GARNELEN,1
2015-06-05,HAEHNCHEN,51
2015-06-05,KOEFTE,23
2015-06-05,LAMM,70
2015-06-05,STEAK,31
2015-06-06,CALAMARI,3
2015-06-06,FISCH,3
2015-06-06,GARNELEN,11
2015-06-06,HAEHNCHEN,46
2015-06-06,KOEFTE,12
2015-06-06,LAMM,50
2015-06-06,STEAK,32
2015-06-07,CALAMARI,1
2015-06-07,FISCH,0
2015-06-07,GARNELEN,7
2015-06-07,HAEHNCHEN,21
2015-06-07,KOEFTE,3
2015-06-07,LAMM,19
2015-06-07,STEAK,11
2015-06-08,CALAMARI,2
2015-06-08,FISCH,4
2015-06-08,GARNELEN,7
2015-06-08,HAEHNCHEN,14
2015-06-08,KOEFTE,20
2015-06-08,LAMM,34
2015-06-08,STEAK,12
2015-06-09,CALAMARI,3
2015-06-09,FISCH,3
2015-06-09,GARNELEN,13
2015-06-09,HAEHNCHEN,28
2015-06-09,KOEFTE,26
2015-06-09,LAMM,49
2015-06-09,STEAK,17
2015-06-10,CALAMARI,6
2015-06-10,FISCH,4
2015-06-10,GARNELEN,12
2015-06-10,HAEHNCHEN,21
2015-06-10,KOEFTE,16
2015-06-10,LAMM,38
2015-06-10,STEAK,18
2015-06-11,CALAMARI,0
2015-06-11,FISCH,6
2015-06-11,GARNELEN,9
2015-06-11,HAEHNCHEN,34
2015-06-11,KOEFTE,14
2015-06-11,LAMM,31
2015-06-11,STEAK,17
2015-06-12,CALAMARI,7
2015-06-12,FISCH,7
2015-06-12,GARNELEN,14
2015-06-12,HAEHNCHEN,19
2015-06-12,KOEFTE,15
2015-06-12,LAMM,37
2015-06-12,STEAK,17
2015-06-13,CALAMARI,6
2015-06-13,FISCH,6
2015-06-13,GARNELEN,16
2015-06-13,HAEHNCHEN,40
2015-06-13,KOEFTE,28
2015-06-13,LAMM,39
2015-06-13,STEAK,26
2015-06-14,CALAMARI,1
2015-06-14,FISCH,3
2015-06-14,GARNELEN,10
2015-06-14,HAEHNCHEN,20
2015-06-14,KOEFTE,10
2015-06-14,LAMM,14
2015-06-14,STEAK,8
2015-06-15,CALAMARI,0
2015-06-15,FISCH,3
2015-06-15,GARNELEN,16
2015-06-15,HAEHNCHEN,29
2015-06-15,KOEFTE,20
2015-06-15,LAMM,36
2015-06-15,STEAK,11
2015-06-16,CALAMARI,2
2015-06-16,FISCH,6
2015-06-16,GARNELEN,14
2015-06-16,HAEHNCHEN,31
2015-06-16,KOEFTE,25
2015-06-16,LAMM,42
2015-06-16,STEAK,30
2015-06-17,CALAMARI,2
2015-06-17,FISCH,3
2015-06-17,GARNELEN,8
2015-06-17,HAEHNCHEN,93
2015-06-17,KOEFTE,16
2015-06-17,LAMM,41
2015-06-17,STEAK,17
2015-06-18,CALAMARI,3
2015-06-18,FISCH,3
2015-06-18,GARNELEN,6
2015-06-18,HAEHNCHEN,26
2015-06-18,KOEFTE,13
2015-06-18,LAMM,43
2015-06-18,STEAK,21
2015-06-19,CALAMARI,5
2015-06-19,FISCH,5
2015-06-19,GARNELEN,17
2015-06-19,HAEHNCHEN,37
2015-06-19,KOEFTE,22
2015-06-19,LAMM,62
2015-06-19,STEAK,24
2015-06-20,CALAMARI,5
2015-06-20,FISCH,8
2015-06-20,GARNELEN,18
2015-06-20,HAEHNCHEN,49
2015-06-20,KOEFTE,19
2015-06-20,LAMM,55
2015-06-20,STEAK,39
2015-06-21,CALAMARI,2
2015-06-21,FISCH,3
2015-06-21,GARNELEN,4
2015-06-21,HAEHNCHEN,23
2015-06-21,KOEFTE,18
2015-06-21,LAMM,33
2015-06-21,STEAK,22
2015-06-22,CALAMARI,3
2015-06-22,FISCH,4
2015-06-22,GARNELEN,12
2015-06-22,HAEHNCHEN,23
2015-06-22,KOEFTE,14
2015-06-22,LAMM,30
2015-06-22,STEAK,15
2015-06-23,CALAMARI,4
2015-06-23,FISCH,5
2015-06-23,GARNELEN,14
2015-06-23,HAEHNCHEN,27
2015-06-23,KOEFTE,18
2015-06-23,LAMM,30
2015-06-23,STEAK,22
2015-06-24,CALAMARI,6
2015-06-24,FISCH,3
2015-06-24,GARNELEN,14
2015-06-24,HAEHNCHEN,22
2015-06-24,KOEFTE,8
2015-06-24,LAMM,38
2015-06-24,STEAK,24
2015-06-25,CALAMARI,3
2015-06-25,FISCH,5
2015-06-25,GARNELEN,15
2015-06-25,HAEHNCHEN,22
2015-06-25,KOEFTE,16
2015-06-25,LAMM,27
2015-06-25,STEAK,5
2015-06-26,CALAMARI,2
2015-06-26,FISCH,7
2015-06-26,GARNELEN,8
2015-06-26,HAEHNCHEN,19
2015-06-26,KOEFTE,16
2015-06-26,LAMM,33
2015-06-26,STEAK,16
2015-06-27,CALAMARI,10
2015-06-27,FISCH,4
2015-06-27,GARNELEN,19
2015-06-27,HAEHNCHEN,36
2015-06-27,KOEFTE,32
2015-06-27,LAMM,54
2015-06-27,STEAK,22
2015-06-28,CALAMARI,4
2015-06-28,FISCH,1
2015-06-28,GARNELEN,6
2015-06-28,HAEHNCHEN,17
2015-06-28,KOEFTE,3
2015-06-28,LAMM,25
2015-06-28,STEAK,11
2015-06-29,CALAMARI,2
2015-06-29,FISCH,2
2015-06-29,GARNELEN,11
2015-06-29,HAEHNCHEN,23
2015-06-29,KOEFTE,10
2015-06-29,LAMM,25
2015-06-29,STEAK,14
2015-06-30,CALAMARI,1
2015-06-30,FISCH,3
2015-06-30,GARNELEN,13
2015-06-30,HAEHNCHEN,26
2015-06-30,KOEFTE,12
2015-06-30,LAMM,21
2015-06-30,STEAK,9
2015-07-01,CALAMARI,8
2015-07-01,FISCH,1
2015-07-01,GARNELEN,13
2015-07-01,HAEHNCHEN,30
2015-07-01,KOEFTE,13
2015-07-01,LAMM,29
2015-07-01,STEAK,25
2015-07-02,CALAMARI,6
2015-07-02,FISCH,4
2015-07-02,GARNELEN,8
2015-07-02,HAEHNCHEN,27
2015-07-02,KOEFTE,16
2015-07-02,LAMM,31
2015-07-02,STEAK,19
2015-07-03,CALAMARI,8
2015-07-03,FISCH,8
2015-07-03,GARNELEN,13
2015-07-03,HAEHNCHEN,26
2015-07-03,KOEFTE,13
2015-07-03,LAMM,48
2015-07-03,STEAK,27
2015-07-04,CALAMARI,2
2015-07-04,FISCH,3
2015-07-04,GARNELEN,7
2015-07-04,HAEHNCHEN,24
2015-07-04,KOEFTE,18
2015-07-04,LAMM,40
2015-07-04,STEAK,12
2015-07-05,CALAMARI,3
2015-07-05,FISCH,1
2015-07-05,GARNELEN,5
2015-07-05,HAEHNCHEN,10
2015-07-05,KOEFTE,7
2015-07-05,LAMM,6
2015-07-05,STEAK,7
2015-07-06,CALAMARI,5
2015-07-06,FISCH,2
2015-07-06,GARNELEN,7
2015-07-06,HAEHNCHEN,31
2015-07-06,KOEFTE,15
2015-07-06,LAMM,17
2015-07-06,STEAK,15
2015-07-07,CALAMARI,5
2015-07-07,FISCH,5
2015-07-07,GARNELEN,6
2015-07-07,HAEHNCHEN,29
2015-07-07,KOEFTE,16
2015-07-07,LAMM,31
2015-07-07,STEAK,13
2015-07-08,CALAMARI,5
2015-07-08,FISCH,3
2015-07-08,GARNELEN,9
2015-07-08,HAEHNCHEN,31
2015-07-08,KOEFTE,25
2015-07-08,LAMM,49
2015-07-08,STEAK,27
2015-07-09,CALAMARI,7
2015-07-09,FISCH,2
2015-07-09,GARNELEN,8
2015-07-09,HAEHNCHEN,23
2015-07-09,KOEFTE,11
2015-07-09,LAMM,40
2015-07-09,STEAK,18
2015-07-10,CALAMARI,5
2015-07-10,FISCH,6
2015-07-10,GARNELEN,9
2015-07-10,HAEHNCHEN,37
2015-07-10,KOEFTE,27
2015-07-10,LAMM,36
2015-07-10,STEAK,24
2015-07-11,CALAMARI,4
2015-07-11,FISCH,2
2015-07-11,GARNELEN,14
2015-07-11,HAEHNCHEN,34
2015-07-11,KOEFTE,18
2015-07-11,LAMM,28
2015-07-11,STEAK,20
2015-07-12,CALAMARI,0
2015-07-12,FISCH,2
2015-07-12,GARNELEN,5
2015-07-12,HAEHNCHEN,20
2015-07-12,KOEFTE,6
2015-07-12,LAMM,13
2015-07-12,STEAK,11
2015-07-13,CALAMARI,5
2015-07-13,FISCH,3
2015-07-13,GARNELEN,12
2015-07-13,HAEHNCHEN,27
2015-07-13,KOEFTE,13
2015-07-13,LAMM,29
2015-07-13,STEAK,15
2015-07-14,CALAMARI,6
2015-07-14,FISCH,1
2015-07-14,GARNELEN,3
2015-07-14,HAEHNCHEN,31
2015-07-14,KOEFTE,11
2015-07-14,LAMM,41
2015-07-14,STEAK,22
2015-07-15,CALAMARI,5
2015-07-15,FISCH,5
2015-07-15,GARNELEN,17
2015-07-15,HAEHNCHEN,28
2015-07-15,KOEFTE,23
2015-07-15,LAMM,32
2015-07-15,STEAK,19
2015-07-16,CALAMARI,1
2015-07-16,FISCH,4
2015-07-16,GARNELEN,7
2015-07-16,HAEHNCHEN,35
2015-07-16,KOEFTE,13
2015-07-16,LAMM,45
2015-07-16,STEAK,15
2015-07-17,CALAMARI,2
2015-07-17,FISCH,8
2015-07-17,GARNELEN,21
2015-07-17,HAEHNCHEN,24
2015-07-17,KOEFTE,11
2015-07-17,LAMM,31
2015-07-17,STEAK,14
2015-07-18,CALAMARI,1
2015-07-18,FISCH,2
2015-07-18,GARNELEN,17
2015-07-18,HAEHNCHEN,30
2015-07-18,KOEFTE,14
2015-07-18,LAMM,41
2015-07-18,STEAK,13
2015-07-19,CALAMARI,0
2015-07-19,FISCH,1
2015-07-19,GARNELEN,15
2015-07-19,HAEHNCHEN,24
2015-07-19,KOEFTE,11
2015-07-19,LAMM,19
2015-07-19,STEAK,19
2015-07-20,CALAMARI,3
2015-07-20,FISCH,1
2015-07-20,GARNELEN,12
2015-07-20,HAEHNCHEN,19
2015-07-20,KOEFTE,13
2015-07-20,LAMM,30
2015-07-20,STEAK,12
2015-07-21,CALAMARI,5
2015-07-21,FISCH,5
2015-07-21,GARNELEN,16
2015-07-21,HAEHNCHEN,28
2015-07-21,KOEFTE,24
2015-07-21,LAMM,31
2015-07-21,STEAK,21
2015-07-22,CALAMARI,4
2015-07-22,FISCH,6
2015-07-22,GARNELEN,13
2015-07-22,HAEHNCHEN,31
2015-07-22,KOEFTE,12
2015-07-22,LAMM,39
2015-07-22,STEAK,23
2015-07-23,CALAMARI,5
2015-07-23,FISCH,4
2015-07-23,GARNELEN,14
2015-07-23,HAEHNCHEN,29
2015-07-23,KOEFTE,26
2015-07-23,LAMM,43
2015-07-23,STEAK,9
2015-07-24,CALAMARI,7
2015-07-24,FISCH,5
2015-07-24,GARNELEN,11
2015-07-24,HAEHNCHEN,32
2015-07-24,KOEFTE,19
2015-07-24,LAMM,42
2015-07-24,STEAK,23
2015-07-25,CALAMARI,5
2015-07-25,FISCH,8
2015-07-25,GARNELEN,15
2015-07-25,HAEHNCHEN,54
2015-07-25,KOEFTE,20
2015-07-25,LAMM,55
2015-07-25,STEAK,33
2015-07-26,CALAMARI,5
2015-07-26,FISCH,2
2015-07-26,GARNELEN,8
2015-07-26,HAEHNCHEN,21
2015-07-26,KOEFTE,13
2015-07-26,LAMM,29
2015-07-26,STEAK,11
2015-07-27,CALAMARI,1
2015-07-27,FISCH,4
2015-07-27,GARNELEN,18
2015-07-27,HAEHNCHEN,25
2015-07-27,KOEFTE,18
2015-07-27,LAMM,32
2015-07-27,STEAK,22
2015-07-28,CALAMARI,2
2015-07-28,FISCH,2
2015-07-28,GARNELEN,22
2015-07-28,HAEHNCHEN,39
2015-07-28,KOEFTE,25
2015-07-28,LAMM,42
2015-07-28,STEAK,17
2015-07-29,CALAMARI,4
2015-07-29,FISCH,2
2015-07-29,GARNELEN,16
2015-07-29,HAEHNCHEN,34
2015-07-29,KOEFTE,19
2015-07-29,LAMM,28
2015-07-29,STEAK,24
2015-07-30,CALAMARI,5
2015-07-30,FISCH,4
2015-07-30,GARNELEN,10
2015-07-30,HAEHNCHEN,31
2015-07-30,KOEFTE,18
2015-07-30,LAMM,39
2015-07-30,STEAK,15
2015-07-31,CALAMARI,1
2015-07-31,FISCH,5
2015-07-31,GARNELEN,7
2015-07-31,HAEHNCHEN,39
2015-07-31,KOEFTE,27
2015-07-31,LAMM,50
2015-07-31,STEAK,1
2015-08-01,CALAMARI,7
2015-08-01,FISCH,0
2015-08-01,GARNELEN,15
2015-08-01,HAEHNCHEN,50
2015-08-01,KOEFTE,39
2015-08-01,LAMM,43
2015-08-01,STEAK,2
2015-08-02,CALAMARI,2
2015-08-02,FISCH,7
2015-08-02,GARNELEN,5
2015-08-02,HAEHNCHEN,16
2015-08-02,KOEFTE,4
2015-08-02,LAMM,19
2015-08-02,STEAK,4
2015-08-03,CALAMARI,4
2015-08-03,FISCH,6
2015-08-03,GARNELEN,14
2015-08-03,HAEHNCHEN,27
2015-08-03,KOEFTE,18
2015-08-03,LAMM,32
2015-08-03,STEAK,19
2015-08-04,CALAMARI,7
2015-08-04,FISCH,10
2015-08-04,GARNELEN,9
2015-08-04,HAEHNCHEN,28
2015-08-04,KOEFTE,24
2015-08-04,LAMM,52
2015-08-04,STEAK,25
2015-08-05,CALAMARI,2
2015-08-05,FISCH,5
2015-08-05,GARNELEN,5
2015-08-05,HAEHNCHEN,29
2015-08-05,KOEFTE,20
2015-08-05,LAMM,34
2015-08-05,STEAK,22
2015-08-06,CALAMARI,3
2015-08-06,FISCH,4
2015-08-06,GARNELEN,9
2015-08-06,HAEHNCHEN,25
2015-08-06,KOEFTE,14
2015-08-06,LAMM,35
2015-08-06,STEAK,14
2015-08-07,CALAMARI,0
2015-08-07,FISCH,5
2015-08-07,GARNELEN,7
2015-08-07,HAEHNCHEN,38
2015-08-07,KOEFTE,13
2015-08-07,LAMM,21
2015-08-07,STEAK,21
2015-08-08,CALAMARI,3
2015-08-08,FISCH,2
2015-08-08,GARNELEN,4
2015-08-08,HAEHNCHEN,22
2015-08-08,KOEFTE,16
2015-08-08,LAMM,19
2015-08-08,STEAK,16
2015-08-09,CALAMARI,2
2015-08-09,FISCH,6
2015-08-09,GARNELEN,16
2015-08-09,HAEHNCHEN,30
2015-08-09,KOEFTE,21
2015-08-09,LAMM,29
2015-08-09,STEAK,8
2015-08-10,CALAMARI,3
2015-08-10,FISCH,4
2015-08-10,GARNELEN,11
2015-08-10,HAEHNCHEN,29
2015-08-10,KOEFTE,29
2015-08-10,LAMM,20
2015-08-10,STEAK,14
2015-08-11,CALAMARI,5
2015-08-11,FISCH,1
2015-08-11,GARNELEN,6
2015-08-11,HAEHNCHEN,21
2015-08-11,KOEFTE,26
2015-08-11,LAMM,38
2015-08-11,STEAK,15
2015-08-12,CALAMARI,4
2015-08-12,FISCH,4
2015-08-12,GARNELEN,16
2015-08-12,HAEHNCHEN,36
2015-08-12,KOEFTE,11
2015-08-12,LAMM,31
2015-08-12,STEAK,26
2015-08-13,CALAMARI,1
2015-08-13,FISCH,2
2015-08-13,GARNELEN,10
2015-08-13,HAEHNCHEN,43
2015-08-13,KOEFTE,24
2015-08-13,LAMM,35
2015-08-13,STEAK,9
2015-08-14,CALAMARI,2
2015-08-14,FISCH,3
2015-08-14,GARNELEN,13
2015-08-14,HAEHNCHEN,27
2015-08-14,KOEFTE,24
2015-08-14,LAMM,33
2015-08-14,STEAK,21
2015-08-15,CALAMARI,4
2015-08-15,FISCH,5
2015-08-15,GARNELEN,10
2015-08-15,HAEHNCHEN,31
2015-08-15,KOEFTE,34
2015-08-15,LAMM,49
2015-08-15,STEAK,31
2015-08-16,CALAMARI,6
2015-08-16,FISCH,1
2015-08-16,GARNELEN,6
2015-08-16,HAEHNCHEN,21
2015-08-16,KOEFTE,24
2015-08-16,LAMM,30
2015-08-16,STEAK,18
2015-08-17,CALAMARI,2
2015-08-17,FISCH,14
2015-08-17,GARNELEN,10
2015-08-17,HAEHNCHEN,31
2015-08-17,KOEFTE,30
2015-08-17,LAMM,38
2015-08-17,STEAK,15
2015-08-18,CALAMARI,5
2015-08-18,FISCH,4
2015-08-18,GARNELEN,7
2015-08-18,HAEHNCHEN,23
2015-08-18,KOEFTE,29
2015-08-18,LAMM,34
2015-08-18,STEAK,22
2015-08-19,CALAMARI,3
2015-08-19,FISCH,3
2015-08-19,GARNELEN,19
2015-08-19,HAEHNCHEN,56
2015-08-19,KOEFTE,24
2015-08-19,LAMM,36
2015-08-19,STEAK,19
2015-08-20,CALAMARI,3
2015-08-20,FISCH,5
2015-08-20,GARNELEN,6
2015-08-20,HAEHNCHEN,42
2015-08-20,KOEFTE,30
2015-08-20,LAMM,44
2015-08-20,STEAK,23
2015-08-21,CALAMARI,5
2015-08-21,FISCH,4
2015-08-21,GARNELEN,11
2015-08-21,HAEHNCHEN,30
2015-08-21,KOEFTE,36
2015-08-21,LAMM,36
2015-08-21,STEAK,19
2015-08-22,CALAMARI,4
2015-08-22,FISCH,8
2015-08-22,GARNELEN,8
2015-08-22,HAEHNCHEN,37
2015-08-22,KOEFTE,35
2015-08-22,LAMM,31
2015-08-22,STEAK,21
2015-08-23,CALAMARI,2
2015-08-23,FISCH,0
2015-08-23,GARNELEN,7
2015-08-23,HAEHNCHEN,15
2015-08-23,KOEFTE,4
2015-08-23,LAMM,9
2015-08-23,STEAK,8
2015-08-24,CALAMARI,4
2015-08-24,FISCH,1
2015-08-24,GARNELEN,9
2015-08-24,HAEHNCHEN,27
2015-08-24,KOEFTE,15
2015-08-24,LAMM,23
2015-08-24,STEAK,17
2015-08-25,CALAMARI,1
2015-08-25,FISCH,5
2015-08-25,GARNELEN,11
2015-08-25,HAEHNCHEN,33
2015-08-25,KOEFTE,30
2015-08-25,LAMM,22
2015-08-25,STEAK,17
2015-08-26,CALAMARI,5
2015-08-26,FISCH,2
2015-08-26,GARNELEN,8
2015-08-26,HAEHNCHEN,39
2015-08-26,KOEFTE,25
2015-08-26,LAMM,24
2015-08-26,STEAK,16
2015-08-27,CALAMARI,3
2015-08-27,FISCH,5
2015-08-27,GARNELEN,8
2015-08-27,HAEHNCHEN,27
2015-08-27,KOEFTE,14
2015-08-27,LAMM,13
2015-08-27,STEAK,19
2015-08-28,CALAMARI,5
2015-08-28,FISCH,3
2015-08-28,GARNELEN,8
2015-08-28,HAEHNCHEN,30
2015-08-28,KOEFTE,36
2015-08-28,LAMM,28
2015-08-28,STEAK,24
2015-08-29,CALAMARI,2
2015-08-29,FISCH,4
2015-08-29,GARNELEN,18
2015-08-29,HAEHNCHEN,21
2015-08-29,KOEFTE,25
2015-08-29,LAMM,45
2015-08-29,STEAK,33
2015-08-30,CALAMARI,3
2015-08-30,FISCH,1
2015-08-30,GARNELEN,1
2015-08-30,HAEHNCHEN,2
2015-08-30,KOEFTE,19
2015-08-30,LAMM,16
2015-08-30,STEAK,12
2015-08-31,CALAMARI,1
2015-08-31,FISCH,2
2015-08-31,GARNELEN,9
2015-08-31,HAEHNCHEN,0
2015-08-31,KOEFTE,34
2015-08-31,LAMM,27
2015-08-31,STEAK,29
2015-09-01,CALAMARI,4
2015-09-01,FISCH,3
2015-09-01,GARNELEN,10
2015-09-01,HAEHNCHEN,42
2015-09-01,KOEFTE,29
2015-09-01,LAMM,31
2015-09-01,STEAK,12
2015-09-02,CALAMARI,4
2015-09-02,FISCH,6
2015-09-02,GARNELEN,11
2015-09-02,HAEHNCHEN,31
2015-09-02,KOEFTE,31
2015-09-02,LAMM,23
2015-09-02,STEAK,17
2015-09-03,CALAMARI,0
2015-09-03,FISCH,2
2015-09-03,GARNELEN,9
2015-09-03,HAEHNCHEN,27
2015-09-03,KOEFTE,25
2015-09-03,LAMM,22
2015-09-03,STEAK,27
2015-09-04,CALAMARI,3
2015-09-04,FISCH,2
2015-09-04,GARNELEN,9
2015-09-04,HAEHNCHEN,26
2015-09-04,KOEFTE,22
2015-09-04,LAMM,24
2015-09-04,STEAK,18
2015-09-05,CALAMARI,5
2015-09-05,FISCH,2
2015-09-05,GARNELEN,5
2015-09-05,HAEHNCHEN,38
2015-09-05,KOEFTE,46
2015-09-05,LAMM,40
2015-09-05,STEAK,25
2015-09-06,CALAMARI,1
2015-09-06,FISCH,1
2015-09-06,GARNELEN,4
2015-09-06,HAEHNCHEN,5
2015-09-06,KOEFTE,20
2015-09-06,LAMM,27
2015-09-06,STEAK,12
2015-09-07,CALAMARI,2
2015-09-07,FISCH,4
2015-09-07,GARNELEN,9
2015-09-07,HAEHNCHEN,24
2015-09-07,KOEFTE,19
2015-09-07,LAMM,29
2015-09-07,STEAK,14
2015-09-08,CALAMARI,1
2015-09-08,FISCH,4
2015-09-08,GARNELEN,8
2015-09-08,HAEHNCHEN,46
2015-09-08,KOEFTE,27
2015-09-08,LAMM,31
2015-09-08,STEAK,13
2015-09-09,CALAMARI,5
2015-09-09,FISCH,5
2015-09-09,GARNELEN,12
2015-09-09,HAEHNCHEN,30
2015-09-09,KOEFTE,39
2015-09-09,LAMM,30
2015-09-09,STEAK,15
2015-09-10,CALAMARI,4
2015-09-10,FISCH,4
2015-09-10,GARNELEN,8
2015-09-10,HAEHNCHEN,32
2015-09-10,KOEFTE,31
2015-09-10,LAMM,30
2015-09-10,STEAK,19
2015-09-11,CALAMARI,5
2015-09-11,FISCH,3
2015-09-11,GARNELEN,10
2015-09-11,HAEHNCHEN,26
2015-09-11,KOEFTE,20
2015-09-11,LAMM,33
2015-09-11,STEAK,15
2015-09-12,CALAMARI,5
2015-09-12,FISCH,7
2015-09-12,GARNELEN,11
2015-09-12,HAEHNCHEN,42
2015-09-12,KOEFTE,36
2015-09-12,LAMM,51
2015-09-12,STEAK,25
2015-09-13,CALAMARI,1
2015-09-13,FISCH,2
2015-09-13,GARNELEN,7
2015-09-13,HAEHNCHEN,28
2015-09-13,KOEFTE,17
2015-09-13,LAMM,16
2015-09-13,STEAK,13
2015-09-14,CALAMARI,3
2015-09-14,FISCH,3
2015-09-14,GARNELEN,6
2015-09-14,HAEHNCHEN,22
2015-09-14,KOEFTE,28
2015-09-14,LAMM,35
2015-09-14,STEAK,11
2015-09-15,CALAMARI,7
2015-09-15,FISCH,3
2015-09-15,GARNELEN,8
2015-09-15,HAEHNCHEN,34
2015-09-15,KOEFTE,20
2015-09-15,LAMM,30
2015-09-15,STEAK,20
2015-09-16,CALAMARI,4
2015-09-16,FISCH,6
2015-09-16,GARNELEN,6
2015-09-16,HAEHNCHEN,24
2015-09-16,KOEFTE,28
2015-09-16,LAMM,36
2015-09-16,STEAK,14
2015-09-17,CALAMARI,3
2015-09-17,FISCH,3
2015-09-17,GARNELEN,6
2015-09-17,HAEHNCHEN,34
2015-09-17,KOEFTE,34
2015-09-17,LAMM,41
2015-09-17,STEAK,18
2015-09-18,CALAMARI,5
2015-09-18,FISCH,7
2015-09-18,GARNELEN,11
2015-09-18,HAEHNCHEN,20
2015-09-18,KOEFTE,23
2015-09-18,LAMM,34
2015-09-18,STEAK,21
2015-09-19,CALAMARI,5
2015-09-19,FISCH,8
2015-09-19,GARNELEN,11
2015-09-19,HAEHNCHEN,35
2015-09-19,KOEFTE,19
2015-09-19,LAMM,48
2015-09-19,STEAK,23
2015-09-20,CALAMARI,0
2015-09-20,FISCH,2
2015-09-20,GARNELEN,5
2015-09-20,HAEHNCHEN,28
2015-09-20,KOEFTE,11
2015-09-20,LAMM,31
2015-09-20,STEAK,9
2015-09-21,CALAMARI,5
2015-09-21,FISCH,8
2015-09-21,GARNELEN,9
2015-09-21,HAEHNCHEN,29
2015-09-21,KOEFTE,18
2015-09-21,LAMM,29
2015-09-21,STEAK,18
2015-09-22,CALAMARI,3
2015-09-22,FISCH,4
2015-09-22,GARNELEN,9
2015-09-22,HAEHNCHEN,24
2015-09-22,KOEFTE,13
2015-09-22,LAMM,20
2015-09-22,STEAK,20
2015-09-23,CALAMARI,2
2015-09-23,FISCH,3
2015-09-23,GARNELEN,5
2015-09-23,HAEHNCHEN,21
2015-09-23,KOEFTE,16
2015-09-23,LAMM,29
2015-09-23,STEAK,17
2015-09-24,CALAMARI,3
2015-09-24,FISCH,6
2015-09-24,GARNELEN,8
2015-09-24,HAEHNCHEN,24
2015-09-24,KOEFTE,30
2015-09-24,LAMM,30
2015-09-24,STEAK,24
2015-09-25,CALAMARI,4
2015-09-25,FISCH,7
2015-09-25,GARNELEN,4
2015-09-25,HAEHNCHEN,23
2015-09-25,KOEFTE,26
2015-09-25,LAMM,43
2015-09-25,STEAK,20
2015-09-26,CALAMARI,10
2015-09-26,FISCH,8
2015-09-26,GARNELEN,0
2015-09-26,HAEHNCHEN,42
2015-09-26,KOEFTE,21
2015-09-26,LAMM,49
2015-09-26,STEAK,16
2015-09-27,CALAMARI,2
2015-09-27,FISCH,6
2015-09-27,GARNELEN,5
2015-09-27,HAEHNCHEN,15
2015-09-27,KOEFTE,14
2015-09-27,LAMM,24
2015-09-27,STEAK,16
2015-09-28,CALAMARI,2
2015-09-28,FISCH,3
2015-09-28,GARNELEN,8
2015-09-28,HAEHNCHEN,37
2015-09-28,KOEFTE,15
2015-09-28,LAMM,22
2015-09-28,STEAK,24
2015-09-29,CALAMARI,3
2015-09-29,FISCH,3
2015-09-29,GARNELEN,9
2015-09-29,HAEHNCHEN,30
2015-09-29,KOEFTE,18
2015-09-29,LAMM,30
2015-09-29,STEAK,18
2015-09-30,CALAMARI,0
2015-09-30,FISCH,4
2015-09-30,GARNELEN,14
2015-09-30,HAEHNCHEN,29
2015-09-30,KOEFTE,29
2015-09-30,LAMM,29
2015-09-30,STEAK,22
2015-10-01,CALAMARI,2
2015-10-01,FISCH,5
2015-10-01,GARNELEN,7
2015-10-01,HAEHNCHEN,21
2015-10-01,KOEFTE,23
2015-10-01,LAMM,25
2015-10-01,STEAK,16
2015-10-02,CALAMARI,7
2015-10-02,FISCH,4
2015-10-02,GARNELEN,12
2015-10-02,HAEHNCHEN,43
2015-10-02,KOEFTE,30
2015-10-02,LAMM,28
2015-10-02,STEAK,17
2015-10-03,CALAMARI,0
2015-10-03,FISCH,4
2015-10-03,GARNELEN,10
2015-10-03,HAEHNCHEN,36
2015-10-03,KOEFTE,40
2015-10-03,LAMM,51
2015-10-03,STEAK,22
2015-10-04,CALAMARI,4
2015-10-04,FISCH,4
2015-10-04,GARNELEN,6
2015-10-04,HAEHNCHEN,22
2015-10-04,KOEFTE,13
2015-10-04,LAMM,22
2015-10-04,STEAK,9
2015-10-05,CALAMARI,2
2015-10-05,FISCH,7
2015-10-05,GARNELEN,9
2015-10-05,HAEHNCHEN,31
2015-10-05,KOEFTE,24
2015-10-05,LAMM,31
2015-10-05,STEAK,18
2015-10-06,CALAMARI,1
2015-10-06,FISCH,1
2015-10-06,GARNELEN,7
2015-10-06,HAEHNCHEN,24
2015-10-06,KOEFTE,29
2015-10-06,LAMM,28
2015-10-06,STEAK,11
2015-10-07,CALAMARI,7
2015-10-07,FISCH,4
2015-10-07,GARNELEN,14
2015-10-07,HAEHNCHEN,31
2015-10-07,KOEFTE,37
2015-10-07,LAMM,30
2015-10-07,STEAK,39
2015-10-08,CALAMARI,3
2015-10-08,FISCH,5
2015-10-08,GARNELEN,6
2015-10-08,HAEHNCHEN,37
2015-10-08,KOEFTE,23
2015-10-08,LAMM,22
2015-10-08,STEAK,20
2015-10-09,CALAMARI,5
2015-10-09,FISCH,4
2015-10-09,GARNELEN,12
2015-10-09,HAEHNCHEN,35
2015-10-09,KOEFTE,37
2015-10-09,LAMM,57
2015-10-09,STEAK,16
2015-10-10,CALAMARI,3
2015-10-10,FISCH,1
2015-10-10,GARNELEN,18
2015-10-10,HAEHNCHEN,61
2015-10-10,KOEFTE,44
2015-10-10,LAMM,53
2015-10-10,STEAK,33
2015-10-11,CALAMARI,3
2015-10-11,FISCH,6
2015-10-11,GARNELEN,7
2015-10-11,HAEHNCHEN,38
2015-10-11,KOEFTE,27
2015-10-11,LAMM,40
2015-10-11,STEAK,25
2015-10-12,CALAMARI,4
2015-10-12,FISCH,3
2015-10-12,GARNELEN,4
2015-10-12,HAEHNCHEN,30
2015-10-12,KOEFTE,27
2015-10-12,LAMM,34
2015-10-12,STEAK,4
2015-10-13,CALAMARI,3
2015-10-13,FISCH,4
2015-10-13,GARNELEN,9
2015-10-13,HAEHNCHEN,36
2015-10-13,KOEFTE,35
2015-10-13,LAMM,35
2015-10-13,STEAK,2
2015-10-14,CALAMARI,3
2015-10-14,FISCH,6
2015-10-14,GARNELEN,8
2015-10-14,HAEHNCHEN,35
2015-10-14,KOEFTE,19
2015-10-14,LAMM,42
2015-10-14,STEAK,12
2015-10-15,CALAMARI,3
2015-10-15,FISCH,3
2015-10-15,GARNELEN,11
2015-10-15,HAEHNCHEN,29
2015-10-15,KOEFTE,24
2015-10-15,LAMM,36
2015-10-15,STEAK,20
2015-10-16,CALAMARI,3
2015-10-16,FISCH,5
2015-10-16,GARNELEN,6
2015-10-16,HAEHNCHEN,55
2015-10-16,KOEFTE,35
2015-10-16,LAMM,39
2015-10-16,STEAK,21
2015-10-17,CALAMARI,5
2015-10-17,FISCH,7
2015-10-17,GARNELEN,19
2015-10-17,HAEHNCHEN,76
2015-10-17,KOEFTE,58
2015-10-17,LAMM,52
2015-10-17,STEAK,46
2015-10-18,CALAMARI,0
2015-10-18,FISCH,2
2015-10-18,GARNELEN,5
2015-10-18,HAEHNCHEN,15
2015-10-18,KOEFTE,29
2015-10-18,LAMM,16
2015-10-18,STEAK,21
2015-10-19,CALAMARI,6
2015-10-19,FISCH,4
2015-10-19,GARNELEN,10
2015-10-19,HAEHNCHEN,47
2015-10-19,KOEFTE,21
2015-10-19,LAMM,31
2015-10-19,STEAK,6
2015-10-20,CALAMARI,0
2015-10-20,FISCH,2
2015-10-20,GARNELEN,2
2015-10-20,HAEHNCHEN,33
2015-10-20,KOEFTE,19
2015-10-20,LAMM,22
2015-10-20,STEAK,13
2015-10-21,CALAMARI,4
2015-10-21,FISCH,5
2015-10-21,GARNELEN,6
2015-10-21,HAEHNCHEN,34
2015-10-21,KOEFTE,29
2015-10-21,LAMM,26
2015-10-21,STEAK,13
2015-10-22,CALAMARI,3
2015-10-22,FISCH,4
2015-10-22,GARNELEN,11
2015-10-22,HAEHNCHEN,32
2015-10-22,KOEFTE,30
2015-10-22,LAMM,45
2015-10-22,STEAK,14
2015-10-23,CALAMARI,5
2015-10-23,FISCH,7
2015-10-23,GARNELEN,10
2015-10-23,HAEHNCHEN,33
2015-10-23,KOEFTE,56
2015-10-23,LAMM,33
2015-10-23,STEAK,32
2015-10-24,CALAMARI,1
2015-10-24,FISCH,7
2015-10-24,GARNELEN,6
2015-10-24,HAEHNCHEN,50
2015-10-24,KOEFTE,37
2015-10-24,LAMM,47
2015-10-24,STEAK,39
2015-10-25,CALAMARI,4
2015-10-25,FISCH,3
2015-10-25,GARNELEN,10
2015-10-25,HAEHNCHEN,28
2015-10-25,KOEFTE,26
2015-10-25,LAMM,27
2015-10-25,STEAK,13
2015-10-26,CALAMARI,1
2015-10-26,FISCH,2
2015-10-26,GARNELEN,5
2015-10-26,HAEHNCHEN,27
2015-10-26,KOEFTE,19
2015-10-26,LAMM,28
2015-10-26,STEAK,16
2015-10-27,CALAMARI,4
2015-10-27,FISCH,4
2015-10-27,GARNELEN,4
2015-10-27,HAEHNCHEN,35
2015-10-27,KOEFTE,27
2015-10-27,LAMM,26
2015-10-27,STEAK,13
2015-10-28,CALAMARI,2
2015-10-28,FISCH,3
2015-10-28,GARNELEN,9
2015-10-28,HAEHNCHEN,34
2015-10-28,KOEFTE,28
2015-10-28,LAMM,34
2015-10-28,STEAK,21
2015-10-29,CALAMARI,4
2015-10-29,FISCH,4
2015-10-29,GARNELEN,9
2015-10-29,HAEHNCHEN,34
2015-10-29,KOEFTE,16
2015-10-29,LAMM,25
2015-10-29,STEAK,20
2015-10-30,CALAMARI,3
2015-10-30,FISCH,6
2015-10-30,GARNELEN,17
2015-10-30,HAEHNCHEN,39
2015-10-30,KOEFTE,21
2015-10-30,LAMM,30
2015-10-30,STEAK,30
2015-10-31,CALAMARI,6
2015-10-31,FISCH,2
2015-10-31,GARNELEN,13
2015-10-31,HAEHNCHEN,64
2015-10-31,KOEFTE,51
2015-10-31,LAMM,31
2015-10-31,STEAK,57
2015-11-01,CALAMARI,3
2015-11-01,FISCH,0
2015-11-01,GARNELEN,11
2015-11-01,HAEHNCHEN,50
2015-11-01,KOEFTE,30
2015-11-01,LAMM,1
2015-11-01,STEAK,21
2015-11-02,CALAMARI,2
2015-11-02,FISCH,1
2015-11-02,GARNELEN,13
2015-11-02,HAEHNCHEN,26
2015-11-02,KOEFTE,38
2015-11-02,LAMM,1
2015-11-02,STEAK,28
2015-11-03,CALAMARI,2
2015-11-03,FISCH,0
2015-11-03,GARNELEN,8
2015-11-03,HAEHNCHEN,47
2015-11-03,KOEFTE,30
2015-11-03,LAMM,32
2015-11-03,STEAK,32
2015-11-04,CALAMARI,2
2015-11-04,FISCH,1
2015-11-04,GARNELEN,13
2015-11-04,HAEHNCHEN,38
2015-11-04,KOEFTE,31
2015-11-04,LAMM,14
2015-11-04,STEAK,38
2015-11-05,CALAMARI,1
2015-11-05,FISCH,8
2015-11-05,GARNELEN,11
2015-11-05,HAEHNCHEN,47
2015-11-05,KOEFTE,32
2015-11-05,LAMM,42
2015-11-05,STEAK,24
2015-11-06,CALAMARI,3
2015-11-06,FISCH,6
2015-11-06,GARNELEN,9
2015-11-06,HAEHNCHEN,50
2015-11-06,KOEFTE,40
2015-11-06,LAMM,44
2015-11-06,STEAK,32
2015-11-07,CALAMARI,0
2015-11-07,FISCH,2
2015-11-07,GARNELEN,2
2015-11-07,HAEHNCHEN,45
2015-11-07,KOEFTE,25
2015-11-07,LAMM,6
2015-11-07,STEAK,20
